2026-08-14T03:52:55,0.4,55.4,13.9,22.8,16.8,0.0,33.0,0.0,37.0
2026-08-14T03:53:06,0.4,39.5,13.7,22.8,16.9,0.0,33.0,0.0,37.0
2026-08-14T03:53:11,0.8,36.5,13.6,22.8,16.9,0.0,34.0,0.0,38.0
2026-08-14T03:53:16,0.4,45.4,13.6,22.8,16.9,0.0,30.0,0.0,34.0
2026-08-14T03:53:26,0.4,42.2,13.5,22.8,16.9,0.0,35.0,0.0,40.0
2026-08-14T03:53:36,0.4,36.8,13.5,22.8,16.9,0.0,36.0,0.0,40.0
2026-08-14T03:53:41,1.5,36.9,13.5,22.8,16.9,0.0,33.0,0.0,37.0
2026-08-14T03:53:47,0.4,36.9,13.6,22.8,16.9,0.0,32.0,0.0,36.0
2026-08-14T03:53:57,0.4,36.9,13.5,22.8,16.9,0.0,31.0,0.0,36.0
2026-08-14T03:54:07,0.4,37.0,13.5,22.8,16.9,0.0,31.0,0.0,35.0
2026-08-14T03:54:11,0.1,37.0,13.6,22.8,16.9,0.0,31.0,0.0,35.0
2026-08-14T03:54:17,0.4,37.0,13.6,22.8,16.9,0.0,31.0,0.0,35.0
2026-08-14T03:54:28,0.4,37.0,13.6,22.8,16.9,0.0,30.0,0.0,35.0
2026-08-14T03:54:38,0.4,37.0,13.5,22.8,16.9,0.0,30.0,0.0,35.0
2026-08-14T03:54:41,0.1,36.8,13.6,22.8,16.9,0.0,30.0,0.0,34.0
2026-08-14T03:54:48,0.4,36.8,13.6,22.8,16.9,0.0,30.0,0.0,34.0
2026-08-14T03:54:58,0.4,36.8,13.6,22.8,16.9,0.0,30.0,0.0,34.0
2026-08-14T03:55:09,0.4,38.8,13.6,22.8,16.9,0.0,29.0,0.0,34.0
2026-08-14T03:55:11,0.2,36.5,13.6,22.8,16.9,0.0,29.0,0.0,34.0
2026-08-14T03:55:19,0.4,36.2,13.6,22.8,16.9,0.0,29.0,0.0,34.0
2026-08-14T03:55:29,0.4,36.2,13.6,22.8,16.9,0.0,29.0,0.0,34.0
2026-08-14T03:55:39,0.4,36.1,13.6,22.8,16.9,0.0,29.0,0.0,34.0
2026-08-14T03:55:41,0.1,36.0,13.6,22.8,16.9,0.0,29.0,0.0,34.0
2026-08-14T03:55:50,0.4,36.0,13.6,22.8,16.9,0.0,29.0,0.0,34.0
2026-08-14T03:56:00,0.4,45.8,13.7,22.8,16.9,0.0,29.0,0.0,33.0
2026-08-14T03:56:10,0.4,35.8,13.6,22.8,16.9,0.0,29.0,0.0,33.0
2026-08-14T03:56:11,0.2,35.8,13.6,22.8,16.9,0.0,29.0,0.0,33.0
2026-08-14T03:56:20,0.4,35.8,13.6,22.8,16.9,0.0,28.0,0.0,33.0
2026-08-14T03:56:31,0.4,35.8,13.6,22.8,16.9,0.0,28.0,0.0,33.0
2026-08-14T03:56:41,0.4,35.5,13.6,22.8,16.9,0.0,28.0,0.0,33.0
2026-08-14T03:56:41,0.1,35.6,13.6,22.8,16.9,0.0,28.0,0.0,33.0
2026-08-14T03:56:51,0.4,35.5,13.6,22.8,16.9,0.0,28.0,0.0,33.0
2026-08-14T03:57:01,0.4,35.5,13.6,22.8,16.9,0.0,28.0,0.0,33.0
2026-08-14T03:57:11,0.1,35.4,13.6,22.8,16.9,0.0,28.0,0.0,33.0
2026-08-14T03:57:12,0.4,35.5,13.6,22.8,16.9,0.0,28.0,0.0,33.0
2026-08-14T03:57:22,0.4,35.2,13.5,22.8,16.9,0.0,28.0,0.0,33.0
2026-08-14T03:57:32,0.4,35.2,13.5,22.8,16.9,0.0,28.0,0.0,32.0
2026-08-14T03:57:41,0.1,35.2,13.5,22.8,16.9,0.0,28.0,0.0,32.0
2026-08-14T03:57:42,0.4,35.2,13.6,22.8,16.9,0.0,28.0,0.0,32.0
2026-08-14T03:57:53,0.4,35.2,13.5,22.8,16.9,0.0,28.0,0.0,32.0
2026-08-14T03:58:03,0.4,35.2,13.5,22.8,16.9,0.0,28.0,0.0,32.0
2026-08-14T03:58:11,0.1,35.2,13.5,22.8,16.9,0.0,28.0,0.0,32.0
2026-08-14T03:58:13,0.4,35.2,13.5,22.8,16.9,0.0,28.0,0.0,32.0
2026-08-14T03:58:23,0.4,35.2,13.5,22.8,16.9,0.0,27.0,0.0,32.0
2026-08-14T03:58:34,0.4,35.0,13.5,22.8,16.9,0.0,27.0,0.0,32.0
2026-08-14T03:58:41,0.1,35.0,13.5,22.8,16.9,0.0,27.0,0.0,32.0
2026-08-14T03:58:44,0.4,35.2,13.5,22.8,16.9,0.0,27.0,0.0,32.0
2026-08-14T03:58:54,0.4,35.1,13.4,22.8,16.9,0.0,27.0,0.0,32.0
2026-08-14T03:59:04,0.4,35.0,13.2,22.8,17.0,0.0,27.0,0.0,32.0
2026-08-14T03:59:11,0.1,35.0,13.2,22.8,17.0,0.0,27.0,0.0,32.0
2026-08-14T03:59:15,0.4,35.0,13.2,22.8,17.0,0.0,27.0,0.0,32.0
2026-08-14T03:59:25,0.4,35.0,13.2,22.8,17.0,0.0,27.0,0.0,32.0
2026-08-14T03:59:35,0.4,34.8,13.2,22.8,17.0,0.0,27.0,0.0,31.0
2026-08-14T03:59:42,0.1,34.8,13.2,22.8,17.0,0.0,27.0,0.0,31.0
2026-08-14T03:59:45,0.4,34.9,13.2,22.8,17.0,0.0,27.0,0.0,31.0
2026-08-14T03:59:56,0.4,40.6,13.2,22.8,17.0,0.0,27.0,0.0,31.0
2026-08-14T04:00:06,0.4,34.8,13.2,22.8,17.0,0.0,27.0,0.0,31.0
2026-08-14T04:00:12,0.1,34.8,13.2,22.8,17.0,0.0,27.0,0.0,31.0
2026-08-14T04:00:16,0.4,34.8,13.2,22.8,17.0,0.0,27.0,0.0,31.0
2026-08-14T04:00:26,0.4,34.8,13.2,22.8,17.0,0.0,27.0,0.0,31.0
2026-08-14T04:00:37,0.4,34.8,13.2,22.8,17.0,0.0,27.0,0.0,31.0
2026-08-14T04:00:42,0.1,34.6,13.2,22.8,17.0,0.0,27.0,0.0,31.0
2026-08-14T04:00:47,0.4,34.6,13.2,22.8,17.0,0.0,27.0,0.0,31.0
2026-08-14T04:00:57,0.4,37.8,13.2,22.8,17.0,0.0,27.0,0.0,31.0
2026-08-14T04:01:07,0.4,34.8,13.2,22.8,17.0,0.0,27.0,0.0,31.0
2026-08-14T04:01:12,0.2,34.5,13.2,22.8,17.0,0.0,27.0,0.0,31.0
2026-08-14T04:01:18,0.4,34.5,13.2,22.8,17.0,0.0,27.0,0.0,31.0
2026-08-14T04:01:28,0.4,34.2,13.1,22.8,17.0,0.0,27.0,0.0,31.0
2026-08-14T04:01:38,0.4,34.4,13.1,22.8,17.0,0.0,27.0,0.0,31.0
2026-08-14T04:01:42,0.1,34.4,13.1,22.8,17.0,0.0,27.0,0.0,31.0
2026-08-14T04:01:48,0.4,34.4,13.2,22.8,17.0,0.0,26.0,0.0,31.0
2026-08-14T04:01:59,0.4,35.6,13.2,22.8,17.0,0.0,26.0,0.0,31.0
2026-08-14T04:02:09,0.4,34.2,13.2,22.8,17.0,0.0,26.0,0.0,30.0
2026-08-14T04:02:12,0.1,34.4,13.2,22.8,17.0,0.0,26.0,0.0,31.0
2026-08-14T04:02:19,0.4,34.2,13.2,22.8,17.0,0.0,26.0,0.0,30.0
2026-08-14T04:02:29,0.4,34.2,13.2,22.8,17.0,0.0,26.0,0.0,30.0
2026-08-14T04:02:40,0.4,34.2,13.1,22.8,17.0,0.0,26.0,0.0,30.0
2026-08-14T04:02:42,0.1,34.2,13.2,22.8,17.0,0.0,26.0,0.0,30.0
2026-08-14T04:02:50,0.4,34.2,13.2,22.8,17.0,0.0,26.0,0.0,30.0
2026-08-14T04:03:00,0.4,34.0,13.2,22.8,17.0,0.0,26.0,0.0,30.0
2026-08-14T04:03:10,0.4,34.0,13.2,22.8,17.0,0.0,26.0,0.0,30.0
2026-08-14T04:03:12,0.1,34.1,13.2,22.8,17.0,0.0,26.0,0.0,30.0
2026-08-14T04:03:21,0.4,34.0,13.2,22.8,17.0,0.0,26.0,0.0,30.0
2026-08-14T04:03:31,0.4,34.0,13.2,22.8,17.0,0.0,26.0,0.0,30.0
2026-08-14T04:03:41,0.4,34.0,13.2,22.8,17.0,0.0,26.0,0.0,30.0
2026-08-14T04:03:42,0.1,34.1,13.2,22.8,17.0,0.0,26.0,0.0,30.0
2026-08-14T04:03:51,0.4,34.0,13.2,22.8,17.0,0.0,26.0,0.0,30.0
2026-08-14T04:04:02,0.4,34.0,13.2,22.8,17.0,0.0,26.0,0.0,30.0
2026-08-14T04:04:12,0.4,34.0,13.2,22.8,17.0,0.0,26.0,0.0,30.0
2026-08-14T04:04:12,0.1,34.0,13.2,22.8,17.0,0.0,26.0,0.0,30.0
2026-08-14T04:04:22,0.4,34.1,13.2,22.8,17.0,0.0,26.0,0.0,30.0
2026-08-14T04:04:32,0.4,34.2,13.2,22.8,17.0,0.0,26.0,0.0,30.0
2026-08-14T04:04:42,0.1,34.2,13.2,22.8,17.0,0.0,26.0,0.0,30.0
2026-08-14T04:04:43,0.4,34.4,13.2,22.8,17.0,0.0,26.0,0.0,30.0
2026-08-14T04:04:53,0.4,34.2,13.2,22.8,17.0,0.0,26.0,0.0,30.0
2026-08-14T04:05:03,0.4,34.4,13.2,22.8,17.1,0.0,26.0,0.0,30.0
2026-08-14T04:05:12,0.1,34.5,13.2,22.8,17.1,0.0,26.0,0.0,30.0
2026-08-14T04:05:13,0.4,34.5,13.2,22.8,17.1,0.0,26.0,0.0,30.0
2026-08-14T04:05:24,0.4,34.6,13.2,22.8,17.1,0.0,26.0,0.0,30.0
2026-08-14T04:05:34,0.4,34.6,13.2,22.8,17.1,0.0,26.0,0.0,30.0
2026-08-14T04:05:43,0.1,34.8,13.2,22.8,17.1,0.0,26.0,0.0,30.0
2026-08-14T04:05:44,0.4,35.0,13.2,22.8,17.1,0.0,26.0,0.0,30.0
2026-08-14T04:05:54,0.4,42.8,13.2,22.8,17.1,0.0,26.0,0.0,30.0
2026-08-14T04:06:05,0.4,48.2,13.2,22.8,17.1,0.0,26.0,0.0,30.0
2026-08-14T04:06:13,0.2,36.0,13.2,22.8,17.1,0.0,26.0,0.0,30.0
2026-08-14T04:06:15,0.4,35.1,13.2,22.8,17.1,0.0,26.0,0.0,30.0
2026-08-14T04:06:25,0.4,35.0,13.2,22.8,17.1,0.0,26.0,0.0,30.0
2026-08-14T04:06:35,0.4,35.0,13.2,22.8,17.1,0.0,26.0,0.0,30.0
2026-08-14T04:06:43,0.1,35.1,13.2,22.8,17.1,0.0,26.0,0.0,30.0
2026-08-14T04:06:46,0.4,35.2,13.2,22.8,17.1,0.0,26.0,0.0,30.0
2026-08-14T04:06:56,0.4,35.2,13.2,22.8,17.1,0.0,26.0,0.0,30.0
2026-08-14T04:07:06,0.4,35.2,13.2,22.8,17.1,0.0,26.0,0.0,30.0
2026-08-14T04:07:13,0.1,35.2,13.2,22.8,17.1,0.0,26.0,0.0,30.0
2026-08-14T04:07:16,0.4,35.2,13.2,22.8,17.1,0.0,26.0,0.0,30.0
2026-08-14T04:07:27,0.4,35.2,13.2,22.8,17.1,0.0,26.0,0.0,30.0
2026-08-14T04:07:37,0.4,35.2,13.2,22.8,17.1,0.0,26.0,0.0,30.0
2026-08-14T04:07:43,0.1,35.2,13.2,22.8,17.1,0.0,26.0,0.0,30.0
2026-08-14T04:07:47,0.4,35.2,13.2,22.8,17.1,0.0,26.0,0.0,30.0
2026-08-14T04:07:57,0.4,38.0,13.2,22.8,17.1,0.0,26.0,0.0,30.0
2026-08-14T04:08:08,0.4,35.2,13.2,22.8,17.1,0.0,27.0,0.0,30.0
2026-08-14T04:08:13,0.1,35.2,13.2,22.8,17.1,0.0,27.0,0.0,30.0
2026-08-14T04:08:18,0.4,35.2,13.2,22.8,17.1,0.0,27.0,0.0,30.0
2026-08-14T04:08:28,0.4,35.2,13.2,22.8,17.1,0.0,27.0,0.0,30.0
2026-08-14T04:08:38,0.4,38.1,13.3,22.8,17.1,0.0,27.0,0.0,30.0
2026-08-14T04:08:43,0.4,35.4,13.3,22.8,17.1,0.0,27.0,0.0,30.0
2026-08-14T04:08:49,0.4,35.5,13.3,22.8,17.1,0.0,27.0,0.0,30.0
2026-08-14T04:08:59,0.4,50.8,14.1,22.8,17.1,0.0,27.0,0.0,30.0
2026-08-14T04:09:09,0.4,37.0,13.7,22.8,17.1,0.0,27.0,0.0,30.0
2026-08-14T04:09:13,1.2,35.5,13.6,22.8,17.1,0.0,27.0,0.0,30.0
2026-08-14T04:09:19,0.4,35.5,13.3,22.8,17.1,0.0,27.0,0.0,30.0
2026-08-14T04:09:30,0.4,35.5,13.2,22.8,17.1,0.0,27.0,0.0,30.0
2026-08-14T04:09:40,0.4,35.6,13.2,22.8,17.1,0.0,27.0,0.0,30.0
2026-08-14T04:09:43,0.1,35.5,13.2,22.8,17.1,0.0,27.0,0.0,30.0
2026-08-14T04:09:50,0.4,35.5,13.2,22.8,17.1,0.0,27.0,0.0,30.0
2026-08-14T04:10:00,0.4,35.6,13.2,22.8,17.1,0.0,27.0,0.0,30.0
2026-08-14T04:10:11,0.4,41.2,13.6,22.8,17.1,0.0,31.0,0.0,35.0
2026-08-14T04:10:13,0.7,37.0,13.5,22.8,17.1,0.0,31.0,0.0,36.0
2026-08-14T04:10:21,0.4,35.8,13.5,22.8,17.1,0.0,32.0,0.0,37.0
2026-08-14T04:10:31,0.4,35.9,13.5,22.8,17.1,0.0,29.0,0.0,33.0
2026-08-14T04:10:41,0.4,35.9,13.5,22.8,17.1,0.0,29.0,0.0,32.0
2026-08-14T04:10:43,0.1,35.9,13.5,22.8,17.1,0.0,29.0,0.0,32.0
2026-08-14T04:10:52,0.4,35.9,13.5,22.8,17.1,0.0,29.0,0.0,32.0
2026-08-14T04:11:02,0.4,44.2,13.5,22.8,17.2,0.0,28.0,0.0,32.0
2026-08-14T04:11:12,0.4,35.8,13.5,22.8,17.2,0.0,28.0,0.0,32.0
2026-08-14T04:11:13,0.2,35.8,13.5,22.8,17.2,0.0,28.0,0.0,32.0
2026-08-14T04:11:22,0.4,35.9,13.5,22.8,17.2,0.0,28.0,0.0,32.0
2026-08-14T04:11:33,0.4,35.9,13.5,22.8,17.2,0.0,28.0,0.0,32.0
2026-08-14T04:11:43,0.4,36.1,13.5,22.8,17.2,0.0,28.0,0.0,32.0
2026-08-14T04:11:43,0.1,36.2,13.5,22.8,17.2,0.0,28.0,0.0,32.0
2026-08-14T04:11:53,0.4,36.1,13.5,22.8,17.2,0.0,28.0,0.0,31.0
2026-08-14T04:12:03,0.4,36.2,13.5,22.8,17.2,0.0,28.0,0.0,31.0
2026-08-14T04:12:14,0.1,38.9,13.5,22.8,17.2,0.0,28.0,0.0,31.0
2026-08-14T04:12:14,0.4,38.9,13.5,22.8,17.2,0.0,28.0,0.0,31.0
2026-08-14T04:12:24,0.4,36.1,13.5,22.8,17.2,0.0,28.0,0.0,31.0
2026-08-14T04:12:34,0.4,36.1,13.5,22.8,17.2,0.0,28.0,0.0,31.0
2026-08-14T04:12:44,0.1,37.0,13.5,22.8,17.2,0.0,28.0,0.0,31.0
2026-08-14T04:12:44,0.4,36.4,13.5,22.8,17.2,0.0,28.0,0.0,31.0
2026-08-14T04:12:55,0.4,36.2,13.5,22.8,17.2,0.0,28.0,0.0,31.0
2026-08-14T04:13:05,0.4,36.1,13.5,22.8,17.2,0.0,28.0,0.0,31.0
2026-08-14T04:13:14,0.1,36.1,13.5,22.8,17.2,0.0,28.0,0.0,31.0
2026-08-14T04:13:15,0.4,36.4,13.5,22.8,17.2,0.0,28.0,0.0,31.0
2026-08-14T04:13:25,0.4,36.1,13.5,22.8,17.2,0.0,28.0,0.0,31.0
2026-08-14T04:13:36,0.4,36.4,13.5,22.8,17.2,0.0,28.0,0.0,31.0
2026-08-14T04:13:44,0.1,36.1,13.3,22.8,17.2,0.0,28.0,0.0,31.0
2026-08-14T04:13:46,0.4,36.2,13.4,22.8,17.2,0.0,28.0,0.0,31.0
2026-08-14T04:13:56,0.4,36.2,13.3,22.8,17.2,0.0,28.0,0.0,31.0
2026-08-14T04:14:06,0.4,36.4,13.3,22.8,17.2,0.0,27.0,0.0,31.0
2026-08-14T04:14:14,0.1,38.8,13.3,22.8,17.2,0.0,27.0,0.0,31.0
2026-08-14T04:14:17,0.4,36.4,13.4,22.8,17.2,0.0,27.0,0.0,31.0
2026-08-14T04:14:27,0.4,36.4,13.3,22.8,17.2,0.0,27.0,0.0,31.0
2026-08-14T04:14:37,0.4,36.4,13.3,22.8,17.2,0.0,27.0,0.0,31.0
2026-08-14T04:14:44,0.1,36.2,13.3,22.8,17.2,0.0,27.0,0.0,31.0
2026-08-14T04:14:47,0.4,36.4,13.4,22.8,17.2,0.0,27.0,0.0,31.0
2026-08-14T04:14:58,0.4,36.4,13.4,22.8,17.2,0.0,27.0,0.0,31.0
2026-08-14T04:15:08,0.4,36.4,13.4,22.8,17.2,0.0,27.0,0.0,31.0
2026-08-14T04:15:14,0.1,36.2,13.3,22.8,17.2,0.0,27.0,0.0,31.0
2026-08-14T04:15:18,0.4,36.4,13.3,22.8,17.2,0.0,27.0,0.0,31.0
2026-08-14T04:15:28,0.4,36.4,13.2,22.8,17.2,0.0,27.0,0.0,31.0
2026-08-14T04:15:39,0.4,36.4,13.2,22.8,17.2,0.0,27.0,0.0,31.0
2026-08-14T04:15:44,0.1,36.2,13.2,22.8,17.2,0.0,27.0,0.0,31.0
2026-08-14T04:15:49,0.4,36.4,13.2,22.8,17.2,0.0,27.0,0.0,31.0
2026-08-14T04:15:59,0.4,47.5,13.2,22.8,17.2,0.0,27.0,0.0,31.0
2026-08-14T04:16:09,0.4,36.4,13.2,22.8,17.2,0.0,27.0,0.0,31.0
2026-08-14T04:16:14,0.2,36.2,13.2,22.8,17.2,0.0,27.0,0.0,31.0
2026-08-14T04:16:20,0.4,36.4,13.2,22.8,17.2,0.0,27.0,0.0,31.0
2026-08-14T04:16:30,0.4,36.4,13.2,22.8,17.2,0.0,27.0,0.0,31.0
2026-08-14T04:16:40,0.4,36.4,13.2,22.8,17.2,0.0,27.0,0.0,31.0
2026-08-14T04:16:44,0.1,36.2,13.2,22.8,17.2,0.0,27.0,0.0,31.0
2026-08-14T04:16:50,0.4,36.4,13.2,22.8,17.2,0.0,27.0,0.0,31.0
2026-08-14T04:17:01,0.4,36.4,13.2,22.8,17.3,0.0,27.0,0.0,31.0
2026-08-14T04:17:11,0.4,36.4,13.2,22.8,17.3,0.0,27.0,0.0,31.0
2026-08-14T04:17:14,0.1,36.5,13.2,22.8,17.3,0.0,27.0,0.0,31.0
2026-08-14T04:17:21,0.4,36.4,13.2,22.8,17.3,0.0,27.0,0.0,31.0
2026-08-14T04:17:31,0.4,36.4,13.2,22.8,17.3,0.0,27.0,0.0,31.0
2026-08-14T04:17:42,0.4,36.4,13.2,22.8,17.3,0.0,27.0,0.0,31.0
2026-08-14T04:17:44,0.1,36.2,13.3,22.8,17.3,0.0,27.0,0.0,31.0
2026-08-14T04:17:52,0.4,36.4,13.2,22.8,17.3,0.0,27.0,0.0,31.0
2026-08-14T04:18:02,0.4,36.4,13.2,22.8,17.3,0.0,27.0,0.0,31.0
2026-08-14T04:18:12,0.4,39.6,13.2,22.8,17.3,0.0,27.0,0.0,31.0
2026-08-14T04:18:15,0.1,36.5,13.2,22.8,17.3,0.0,27.0,0.0,31.0
2026-08-14T04:18:23,0.4,36.4,13.2,22.8,17.3,0.0,27.0,0.0,31.0
2026-08-14T04:18:33,0.4,36.4,13.2,22.8,17.3,0.0,27.0,0.0,31.0
2026-08-14T04:18:43,0.4,39.5,13.2,22.8,17.3,0.0,27.0,0.0,31.0
2026-08-14T04:18:45,0.1,37.4,13.2,22.8,17.3,0.0,27.0,0.0,31.0
2026-08-14T04:18:53,0.4,36.2,13.2,22.8,17.3,0.0,27.0,0.0,31.0
2026-08-14T04:19:04,0.4,36.4,13.2,22.8,17.3,0.0,28.0,0.0,31.0
2026-08-14T04:19:14,0.4,36.4,13.2,22.8,17.3,0.0,27.0,0.0,31.0
2026-08-14T04:19:15,0.1,36.4,13.3,22.8,17.3,0.0,28.0,0.0,31.0
2026-08-14T04:19:24,0.4,36.4,13.2,22.8,17.3,0.0,28.0,0.0,31.0
2026-08-14T04:19:34,0.4,36.1,13.2,22.8,17.3,0.0,27.0,0.0,31.0
2026-08-14T04:19:45,0.4,36.1,13.2,22.8,17.3,0.0,27.0,0.0,31.0
2026-08-14T04:19:45,0.1,36.1,13.3,22.8,17.3,0.0,27.0,0.0,31.0
2026-08-14T04:19:55,0.4,36.2,13.2,22.8,17.3,0.0,27.0,0.0,31.0
2026-08-14T04:20:05,0.4,35.8,13.2,22.8,17.3,0.0,27.0,0.0,31.0
2026-08-14T04:20:15,0.1,36.5,13.2,22.8,17.3,0.0,27.0,0.0,31.0
2026-08-14T04:20:15,0.4,35.9,13.3,22.8,17.3,0.0,27.0,0.0,31.0
2026-08-14T04:20:26,0.4,35.5,13.2,22.8,17.3,0.0,27.0,0.0,31.0
2026-08-14T04:20:36,0.4,35.6,13.2,22.8,17.3,0.0,27.0,0.0,31.0
2026-08-14T04:20:45,0.1,35.4,13.2,22.8,17.3,0.0,27.0,0.0,31.0
2026-08-14T04:20:46,0.4,35.4,13.3,22.8,17.3,0.0,27.0,0.0,31.0
2026-08-14T04:20:56,0.4,42.9,13.3,22.8,17.3,0.0,27.0,0.0,31.0
2026-08-14T04:21:07,0.4,35.4,13.2,22.8,17.3,0.0,27.0,0.0,31.0
2026-08-14T04:21:15,0.2,35.2,13.2,22.8,17.3,0.0,27.0,0.0,31.0
2026-08-14T04:21:17,0.4,35.2,13.2,22.8,17.3,0.0,27.0,0.0,31.0
2026-08-14T04:21:27,0.4,35.2,13.2,22.8,17.3,0.0,27.0,0.0,31.0
2026-08-14T04:21:37,0.4,35.2,13.2,22.8,17.3,0.0,27.0,0.0,31.0
2026-08-14T04:21:45,0.1,35.2,13.2,22.8,17.3,0.0,27.0,0.0,31.0
2026-08-14T04:21:48,0.4,35.2,13.2,22.8,17.3,0.0,27.0,0.0,31.0
2026-08-14T04:21:58,0.4,35.0,13.2,22.8,17.3,0.0,27.0,0.0,30.0
2026-08-14T04:22:08,0.4,35.1,13.2,22.8,17.3,0.0,27.0,0.0,30.0
2026-08-14T04:22:15,0.1,34.8,13.2,22.8,17.3,0.0,27.0,0.0,30.0
2026-08-14T04:22:18,0.4,34.9,13.2,22.8,17.3,0.0,27.0,0.0,30.0
2026-08-14T04:22:29,0.4,34.8,13.2,22.8,17.3,0.0,27.0,0.0,30.0
2026-08-14T04:22:39,0.4,34.9,13.2,22.8,17.3,0.0,27.0,0.0,30.0
2026-08-14T04:22:45,0.1,34.8,13.2,22.8,17.3,0.0,27.0,0.0,30.0
2026-08-14T04:22:49,0.4,34.9,13.2,22.8,17.3,0.0,27.0,0.0,30.0
2026-08-14T04:22:59,0.4,34.9,13.2,22.8,17.4,0.0,27.0,0.0,30.0
2026-08-14T04:23:10,0.4,34.8,13.2,22.8,17.4,0.0,27.0,0.0,30.0
2026-08-14T04:23:15,0.1,34.8,13.2,22.8,17.4,0.0,27.0,0.0,30.0
2026-08-14T04:23:20,0.4,34.9,13.2,22.8,17.4,0.0,27.0,0.0,30.0
2026-08-14T04:23:30,0.4,34.9,13.2,22.8,17.4,0.0,27.0,0.0,30.0
2026-08-14T04:23:40,0.4,34.6,13.2,22.8,17.4,0.0,27.0,0.0,30.0
2026-08-14T04:23:45,0.1,34.5,13.2,22.8,17.4,0.0,27.0,0.0,30.0
2026-08-14T04:23:51,0.4,34.6,13.2,22.8,17.4,0.0,26.0,0.0,30.0
2026-08-14T04:24:01,0.4,41.0,13.9,22.8,17.4,0.0,32.0,0.0,36.0
2026-08-14T04:24:11,0.4,42.2,13.7,22.8,17.4,0.0,34.0,0.0,39.0
2026-08-14T04:24:15,1.9,35.5,13.6,22.8,17.4,0.0,34.0,0.0,38.0
2026-08-14T04:24:21,0.4,34.8,13.6,22.8,17.4,0.0,34.0,0.0,39.0
2026-08-14T04:24:32,0.4,34.9,13.6,22.8,17.4,0.0,31.0,0.0,35.0
2026-08-14T04:24:42,0.4,34.9,13.6,22.8,17.4,0.0,30.0,0.0,34.0
2026-08-14T04:24:46,0.1,34.9,13.6,22.8,17.4,0.0,30.0,0.0,34.0
2026-08-14T04:24:52,0.4,34.9,13.6,22.8,17.4,0.0,29.0,0.0,34.0
2026-08-14T04:25:02,0.4,34.9,13.6,22.8,17.4,0.0,29.0,0.0,33.0
2026-08-14T04:25:13,0.4,34.8,13.6,22.8,17.4,0.0,29.0,0.0,33.0
2026-08-14T04:25:16,0.1,34.8,13.7,22.8,17.4,0.0,29.0,0.0,33.0
2026-08-14T04:25:23,0.4,34.8,13.6,22.8,17.4,0.0,28.0,0.0,33.0
2026-08-14T04:25:33,0.4,34.9,13.6,22.8,17.4,0.0,28.0,0.0,33.0
2026-08-14T04:25:43,0.4,34.6,13.6,22.8,17.4,0.0,28.0,0.0,33.0
2026-08-14T04:25:46,0.1,34.5,13.7,22.8,17.4,0.0,28.0,0.0,33.0
2026-08-14T04:25:54,0.4,34.5,13.6,22.8,17.4,0.0,28.0,0.0,33.0
2026-08-14T04:26:04,0.4,40.1,13.6,22.8,17.4,0.0,28.0,0.0,32.0
2026-08-14T04:26:14,0.4,34.6,13.6,22.8,17.4,0.0,28.0,0.0,32.0
2026-08-14T04:26:16,0.2,34.5,13.6,22.8,17.4,0.0,27.0,0.0,32.0
2026-08-14T04:26:24,0.4,34.6,13.6,22.8,17.4,0.0,27.0,0.0,32.0
2026-08-14T04:26:35,0.4,34.6,13.6,22.8,17.4,0.0,27.0,0.0,32.0
2026-08-14T04:26:45,0.4,36.0,13.6,22.8,17.4,0.0,27.0,0.0,32.0
2026-08-14T04:26:46,0.1,34.8,13.6,22.8,17.4,0.0,27.0,0.0,32.0
2026-08-14T04:26:55,0.4,34.6,13.6,22.8,17.4,0.0,27.0,0.0,32.0
2026-08-14T04:27:05,0.4,35.2,13.6,22.8,17.4,0.0,27.0,0.0,32.0
2026-08-14T04:27:16,0.4,34.4,13.5,22.8,17.4,0.0,27.0,0.0,32.0
2026-08-14T04:27:16,0.1,34.4,13.5,22.8,17.4,0.0,27.0,0.0,32.0
2026-08-14T04:27:26,0.4,34.2,13.5,22.8,17.4,0.0,27.0,0.0,31.0
2026-08-14T04:27:36,0.4,34.4,13.5,22.8,17.4,0.0,27.0,0.0,31.0
2026-08-14T04:27:46,0.1,34.2,13.5,22.8,17.4,0.0,27.0,0.0,31.0
2026-08-14T04:27:46,0.4,34.5,13.5,22.8,17.4,0.0,27.0,0.0,31.0
2026-08-14T04:27:57,0.4,34.4,13.5,22.8,17.4,0.0,27.0,0.0,31.0
2026-08-14T04:28:07,0.4,34.4,13.5,22.8,17.4,0.0,27.0,0.0,31.0
2026-08-14T04:28:16,0.1,34.2,13.5,22.8,17.4,0.0,27.0,0.0,31.0
2026-08-14T04:28:17,0.4,34.4,13.5,22.8,17.4,0.0,27.0,0.0,31.0
2026-08-14T04:28:27,0.4,34.2,13.5,22.8,17.4,0.0,26.0,0.0,31.0
2026-08-14T04:28:38,0.4,34.2,13.5,22.8,17.4,0.0,26.0,0.0,31.0
2026-08-14T04:28:46,0.1,35.4,13.5,22.8,17.4,0.0,26.0,0.0,31.0
2026-08-14T04:28:48,0.4,34.4,13.5,22.8,17.4,0.0,26.0,0.0,31.0
2026-08-14T04:28:58,0.4,34.2,13.5,22.8,17.5,0.0,26.0,0.0,31.0
2026-08-14T04:29:08,0.4,34.1,13.5,22.8,17.5,0.0,26.0,0.0,31.0
2026-08-14T04:29:16,0.1,34.2,13.5,22.8,17.5,0.0,26.0,0.0,31.0
2026-08-14T04:29:19,0.4,34.5,13.5,22.8,17.5,0.0,26.0,0.0,31.0
2026-08-14T04:29:29,0.4,34.4,13.5,22.8,17.5,0.0,26.0,0.0,30.0
2026-08-14T04:29:39,0.4,34.5,13.5,22.8,17.5,0.0,26.0,0.0,30.0
2026-08-14T04:29:46,0.1,34.5,13.4,22.8,17.5,0.0,26.0,0.0,30.0
2026-08-14T04:29:49,0.4,34.6,13.4,22.8,17.5,0.0,26.0,0.0,30.0
2026-08-14T04:30:00,0.4,34.8,13.3,22.8,17.5,0.0,26.0,0.0,30.0
2026-08-14T04:30:10,0.4,34.9,13.3,22.8,17.5,0.0,26.0,0.0,30.0
2026-08-14T04:30:16,0.1,34.8,13.3,22.8,17.5,0.0,26.0,0.0,30.0
2026-08-14T04:30:20,0.4,34.9,13.4,22.8,17.5,0.0,26.0,0.0,30.0
2026-08-14T04:30:30,0.4,34.9,13.4,22.8,17.5,0.0,26.0,0.0,30.0
2026-08-14T04:30:41,0.4,42.2,13.3,22.8,17.5,0.0,26.0,0.0,30.0
2026-08-14T04:30:46,0.1,35.0,13.4,22.8,17.5,0.0,26.0,0.0,30.0
2026-08-14T04:30:51,0.4,35.1,13.4,22.8,17.5,0.0,26.0,0.0,30.0
2026-08-14T04:31:01,0.4,35.1,13.2,22.8,17.5,0.0,26.0,0.0,30.0
2026-08-14T04:31:11,0.4,35.1,13.2,22.8,17.5,0.0,26.0,0.0,30.0
2026-08-14T04:31:17,0.1,35.2,13.2,22.8,17.5,0.0,26.0,0.0,30.0
2026-08-14T04:31:22,0.4,35.4,13.2,22.8,17.5,0.0,26.0,0.0,30.0
2026-08-14T04:31:32,0.4,35.2,13.2,22.8,17.5,0.0,26.0,0.0,30.0
2026-08-14T04:31:42,0.4,40.0,13.2,22.8,17.5,0.0,26.0,0.0,30.0
2026-08-14T04:31:47,0.2,35.2,13.3,22.8,17.5,0.0,26.0,0.0,30.0
2026-08-14T04:31:52,0.4,35.4,13.3,22.8,17.5,0.0,26.0,0.0,30.0
2026-08-14T04:32:03,0.4,35.2,13.2,22.8,17.5,0.0,26.0,0.0,30.0
2026-08-14T04:32:13,0.4,35.2,13.2,22.8,17.5,0.0,26.0,0.0,30.0
2026-08-14T04:32:17,0.1,35.2,13.3,22.8,17.5,0.0,26.0,0.0,30.0
2026-08-14T04:32:23,0.4,35.4,13.2,22.8,17.5,0.0,26.0,0.0,30.0
2026-08-14T04:32:33,0.4,35.4,13.2,22.8,17.5,0.0,26.0,0.0,30.0
2026-08-14T04:32:44,0.4,38.2,13.2,22.8,17.5,0.0,27.0,0.0,30.0
2026-08-14T04:32:47,0.1,35.2,13.2,22.8,17.5,0.0,26.0,0.0,30.0
2026-08-14T04:32:54,0.4,35.4,13.2,22.8,17.5,0.0,26.0,0.0,30.0
2026-08-14T04:33:04,0.4,35.4,13.2,22.8,17.5,0.0,27.0,0.0,30.0
2026-08-14T04:33:14,0.4,35.4,13.2,22.8,17.5,0.0,27.0,0.0,30.0
2026-08-14T04:33:17,0.1,35.4,13.3,22.8,17.5,0.0,27.0,0.0,30.0
2026-08-14T04:33:25,0.4,35.4,13.2,22.8,17.5,0.0,27.0,0.0,30.0
2026-08-14T04:33:35,0.4,35.5,13.2,22.8,17.5,0.0,27.0,0.0,30.0
2026-08-14T04:33:45,0.4,35.4,13.2,22.8,17.5,0.0,27.0,0.0,30.0
2026-08-14T04:33:47,0.1,35.4,13.2,22.8,17.5,0.0,27.0,0.0,30.0
2026-08-14T04:33:55,0.4,35.5,13.2,22.8,17.5,0.0,27.0,0.0,30.0
2026-08-14T04:34:06,0.4,35.5,13.2,22.8,17.5,0.0,27.0,0.0,30.0
2026-08-14T04:34:16,0.4,35.5,13.2,22.8,17.5,0.0,27.0,0.0,30.0
2026-08-14T04:34:17,0.1,35.5,13.2,22.8,17.5,0.0,27.0,0.0,30.0
2026-08-14T04:34:26,0.4,35.6,13.2,22.8,17.5,0.0,27.0,0.0,30.0
2026-08-14T04:34:36,0.4,35.6,13.2,22.8,17.5,0.0,27.0,0.0,30.0
2026-08-14T04:34:47,0.4,35.6,13.2,22.8,17.5,0.0,27.0,0.0,30.0
2026-08-14T04:34:47,0.1,35.8,13.3,22.8,17.5,0.0,27.0,0.0,30.0
2026-08-14T04:34:57,0.4,35.6,13.2,22.8,17.6,0.0,27.0,0.0,30.0
2026-08-14T04:35:07,0.4,35.6,13.2,22.8,17.6,0.0,27.0,0.0,30.0
2026-08-14T04:35:17,0.1,35.5,13.2,22.8,17.6,0.0,27.0,0.0,30.0
2026-08-14T04:35:17,0.4,35.8,13.3,22.8,17.6,0.0,27.0,0.0,30.0
2026-08-14T04:35:28,0.4,35.8,13.2,22.8,17.6,0.0,27.0,0.0,30.0
2026-08-14T04:35:38,0.4,35.8,13.2,22.8,17.6,0.0,27.0,0.0,30.0
2026-08-14T04:35:47,0.1,35.5,13.2,22.8,17.6,0.0,27.0,0.0,30.0
2026-08-14T04:35:48,0.4,35.8,13.3,22.8,17.6,0.0,27.0,0.0,30.0
2026-08-14T04:35:58,0.4,41.5,13.2,22.8,17.6,0.0,27.0,0.0,30.0
2026-08-14T04:36:09,0.4,36.9,13.2,22.8,17.6,0.0,27.0,0.0,30.0
2026-08-14T04:36:17,0.2,35.5,13.2,22.8,17.6,0.0,27.0,0.0,30.0
2026-08-14T04:36:19,0.4,35.6,13.2,22.8,17.6,0.0,27.0,0.0,30.0
2026-08-14T04:36:29,0.4,35.6,13.2,22.8,17.6,0.0,27.0,0.0,30.0
2026-08-14T04:36:39,0.4,35.8,13.2,22.8,17.6,0.0,27.0,0.0,30.0
2026-08-14T04:36:47,0.1,35.8,13.2,22.8,17.6,0.0,27.0,0.0,30.0
2026-08-14T04:36:50,0.4,35.8,13.2,22.8,17.6,0.0,27.0,0.0,30.0
2026-08-14T04:37:00,0.4,35.9,13.2,22.8,17.6,0.0,27.0,0.0,30.0
2026-08-14T04:37:10,0.4,35.9,13.2,22.8,17.6,0.0,27.0,0.0,30.0
2026-08-14T04:37:17,0.1,35.8,13.2,22.8,17.6,0.0,27.0,0.0,30.0
2026-08-14T04:37:20,0.4,35.9,13.2,22.8,17.6,0.0,27.0,0.0,30.0
2026-08-14T04:37:31,0.4,35.9,13.2,22.8,17.6,0.0,27.0,0.0,30.0
2026-08-14T04:37:41,0.4,35.9,13.2,22.8,17.6,0.0,27.0,0.0,30.0
2026-08-14T04:37:48,0.1,35.9,13.2,22.8,17.6,0.0,27.0,0.0,30.0
2026-08-14T04:37:51,0.4,35.9,13.2,22.8,17.6,0.0,27.0,0.0,30.0
2026-08-14T04:38:01,0.4,36.0,13.2,22.8,17.6,0.0,27.0,0.0,30.0
2026-08-14T04:38:12,0.4,36.0,13.2,22.8,17.6,0.0,27.0,0.0,30.0
2026-08-14T04:38:18,0.1,36.0,13.2,22.8,17.6,0.0,27.0,0.0,30.0
2026-08-14T04:38:22,0.4,36.1,13.2,22.8,17.6,0.0,27.0,0.0,30.0
2026-08-14T04:38:32,0.4,35.9,13.2,22.8,17.6,0.0,27.0,0.0,30.0
2026-08-14T04:38:42,0.4,40.6,13.2,22.8,17.6,0.0,27.0,0.0,30.0
2026-08-14T04:38:48,0.1,36.0,13.2,22.8,17.6,0.0,27.0,0.0,30.0
2026-08-14T04:38:53,0.4,36.1,13.2,22.8,17.6,0.0,27.0,0.0,30.0
2026-08-14T04:39:03,0.4,36.1,13.2,22.8,17.6,0.0,27.0,0.0,30.0
2026-08-14T04:39:13,0.4,36.0,13.2,22.8,17.6,0.0,27.0,0.0,30.0
2026-08-14T04:39:18,0.1,36.0,13.2,22.8,17.6,0.0,27.0,0.0,30.0
2026-08-14T04:39:23,0.4,36.1,13.2,22.8,17.6,0.0,27.0,0.0,30.0
2026-08-14T04:39:34,0.4,36.1,13.2,22.8,17.6,0.0,27.0,0.0,30.0
2026-08-14T04:39:44,0.4,36.1,13.2,22.8,17.6,0.0,27.0,0.0,30.0
2026-08-14T04:39:48,0.1,36.0,13.2,22.8,17.6,0.0,27.0,0.0,30.0
2026-08-14T04:39:54,0.4,36.0,13.2,22.8,17.6,0.0,27.0,0.0,30.0
2026-08-14T04:40:04,0.4,37.8,13.2,22.8,17.6,0.0,27.0,0.0,30.0
2026-08-14T04:40:15,0.4,36.1,13.2,22.8,17.6,0.0,27.0,0.0,30.0
2026-08-14T04:40:18,0.1,36.1,13.2,22.8,17.6,0.0,27.0,0.0,30.0
2026-08-14T04:40:25,0.4,36.1,13.2,22.8,17.6,0.0,27.0,0.0,30.0
2026-08-14T04:40:35,0.4,36.1,13.2,22.8,17.6,0.0,27.0,0.0,30.0
2026-08-14T04:40:45,0.4,36.1,13.2,22.8,17.6,0.0,27.0,0.0,30.0
2026-08-14T04:40:48,0.1,36.0,13.2,22.8,17.6,0.0,27.0,0.0,30.0
2026-08-14T04:40:56,0.4,36.1,13.2,22.8,17.6,0.0,27.0,0.0,30.0
2026-08-14T04:41:06,0.4,49.5,13.2,22.8,17.7,0.0,27.0,0.0,30.0
2026-08-14T04:41:16,0.4,36.0,13.2,22.8,17.7,0.0,27.0,0.0,30.0
2026-08-14T04:41:18,0.2,36.0,13.2,22.8,17.7,0.0,27.0,0.0,30.0
2026-08-14T04:41:26,0.4,36.1,13.2,22.8,17.7,0.0,27.0,0.0,30.0
2026-08-14T04:41:37,0.4,36.1,13.2,22.8,17.7,0.0,27.0,0.0,30.0
2026-08-14T04:41:47,0.4,36.1,13.2,22.8,17.7,0.0,27.0,0.0,30.0
2026-08-14T04:41:48,0.1,36.1,13.3,22.8,17.7,0.0,27.0,0.0,30.0
2026-08-14T04:41:57,0.4,36.2,13.2,22.8,17.7,0.0,27.0,0.0,30.0
2026-08-14T04:42:07,0.4,36.1,13.2,22.8,17.7,0.0,27.0,0.0,30.0
2026-08-14T04:42:18,0.4,36.2,13.2,22.8,17.7,0.0,27.0,0.0,30.0
2026-08-14T04:42:18,0.1,36.2,13.3,22.8,17.7,0.0,27.0,0.0,30.0
2026-08-14T04:42:28,0.4,36.4,13.2,22.8,17.7,0.0,27.0,0.0,30.0
2026-08-14T04:42:38,0.4,36.2,13.2,22.8,17.7,0.0,27.0,0.0,30.0
2026-08-14T04:42:48,0.4,36.2,13.2,22.8,17.7,0.0,27.0,0.0,30.0
2026-08-14T04:42:48,0.1,36.2,13.3,22.8,17.7,0.0,27.0,0.0,30.0
2026-08-14T04:42:59,0.4,36.4,13.2,22.8,17.7,0.0,27.0,0.0,30.0
2026-08-14T04:43:09,0.4,36.4,13.2,22.8,17.7,0.0,27.0,0.0,30.0
2026-08-14T04:43:19,0.1,36.2,13.2,22.8,17.7,0.0,27.0,0.0,30.0
2026-08-14T04:43:19,0.4,36.2,13.3,22.8,17.7,0.0,27.0,0.0,30.0
2026-08-14T04:43:29,0.4,36.4,13.2,22.8,17.7,0.0,27.0,0.0,30.0
2026-08-14T04:43:40,0.4,36.4,13.2,22.8,17.7,0.0,27.0,0.0,30.0
2026-08-14T04:43:49,0.1,36.2,13.2,22.8,17.7,0.0,27.0,0.0,30.0
2026-08-14T04:43:50,0.4,36.2,13.2,22.8,17.7,0.0,27.0,0.0,31.0
2026-08-14T04:44:00,0.4,36.2,13.2,22.8,17.7,0.0,27.0,0.0,30.0
2026-08-14T04:44:10,0.4,36.0,13.2,22.8,17.7,0.0,27.0,0.0,31.0
2026-08-14T04:44:19,0.1,36.0,13.2,22.8,17.7,0.0,27.0,0.0,31.0
2026-08-14T04:44:21,0.4,36.1,13.2,22.8,17.7,0.0,27.0,0.0,30.0
2026-08-14T04:44:31,0.4,36.1,13.2,22.8,17.7,0.0,27.0,0.0,30.0
2026-08-14T04:44:41,0.4,44.2,13.2,22.8,17.7,0.0,27.0,0.0,30.0
2026-08-14T04:44:49,0.1,35.8,13.2,22.8,17.7,0.0,27.0,0.0,31.0
2026-08-14T04:44:51,0.4,35.9,13.2,22.8,17.7,0.0,27.0,0.0,31.0
2026-08-14T04:45:02,0.4,35.6,13.2,22.8,17.7,0.0,27.0,0.0,31.0
2026-08-14T04:45:12,0.4,35.5,13.2,22.8,17.7,0.0,27.0,0.0,30.0
2026-08-14T04:45:19,0.1,35.5,13.1,22.8,17.7,0.0,27.0,0.0,30.0
2026-08-14T04:45:22,0.4,35.4,13.2,22.8,17.7,0.0,27.0,0.0,30.0
2026-08-14T04:45:32,0.4,35.4,13.2,22.8,17.7,0.0,27.0,0.0,30.0
2026-08-14T04:45:43,0.4,35.2,13.2,22.8,17.7,0.0,27.0,0.0,30.0
2026-08-14T04:45:49,0.1,35.2,13.1,22.8,17.7,0.0,27.0,0.0,30.0
2026-08-14T04:45:53,0.4,35.2,13.2,22.8,17.7,0.0,27.0,0.0,30.0
2026-08-14T04:46:03,0.4,35.2,13.2,22.8,17.7,0.0,27.0,0.0,30.0
2026-08-14T04:46:13,0.4,39.6,13.2,22.8,17.7,0.0,27.0,0.0,30.0
2026-08-14T04:46:19,0.2,35.0,13.2,22.8,17.7,0.0,27.0,0.0,30.0
2026-08-14T04:46:24,0.4,35.1,13.3,22.8,17.7,0.0,27.0,0.0,30.0
2026-08-14T04:46:34,0.4,35.0,13.2,22.8,17.7,0.0,27.0,0.0,30.0
2026-08-14T04:46:44,0.4,34.9,13.2,22.8,17.7,0.0,27.0,0.0,30.0
2026-08-14T04:46:49,0.1,34.8,13.2,22.8,17.7,0.0,27.0,0.0,30.0
2026-08-14T04:46:54,0.4,34.9,13.2,22.8,17.7,0.0,27.0,0.0,30.0
2026-08-14T04:47:05,0.4,34.8,13.2,22.8,17.8,0.0,27.0,0.0,30.0
2026-08-14T04:47:15,0.4,34.8,13.2,22.8,17.8,0.0,27.0,0.0,30.0
2026-08-14T04:47:19,0.1,34.8,13.2,22.8,17.8,0.0,27.0,0.0,30.0
2026-08-14T04:47:25,0.4,34.5,13.2,22.8,17.8,0.0,27.0,0.0,30.0
2026-08-14T04:47:35,0.4,34.5,13.2,22.8,17.8,0.0,27.0,0.0,30.0
2026-08-14T04:47:46,0.4,34.6,13.2,22.8,17.8,0.0,26.0,0.0,30.0
2026-08-14T04:47:49,0.1,34.6,13.2,22.8,17.8,0.0,26.0,0.0,30.0
2026-08-14T04:47:56,0.4,34.6,13.3,22.8,17.8,0.0,26.0,0.0,30.0
2026-08-14T04:48:06,0.4,34.5,13.2,22.8,17.8,0.0,26.0,0.0,30.0
2026-08-14T04:48:16,0.4,34.5,13.2,22.8,17.8,0.0,26.0,0.0,30.0
2026-08-14T04:48:19,0.1,34.5,13.3,22.8,17.8,0.0,26.0,0.0,30.0
2026-08-14T04:48:27,0.4,34.2,13.2,22.8,17.8,0.0,26.0,0.0,30.0
2026-08-14T04:48:37,0.4,34.4,13.2,22.8,17.8,0.0,26.0,0.0,30.0
2026-08-14T04:48:47,0.4,34.4,13.2,22.8,17.8,0.0,26.0,0.0,30.0
2026-08-14T04:48:49,0.1,34.1,13.3,22.8,17.8,0.0,26.0,0.0,30.0
2026-08-14T04:48:57,0.4,34.2,13.2,22.8,17.8,0.0,26.0,0.0,30.0
2026-08-14T04:49:08,0.4,34.1,13.2,22.8,17.8,0.0,26.0,0.0,30.0
2026-08-14T04:49:18,0.4,34.1,13.2,22.8,17.8,0.0,26.0,0.0,30.0
2026-08-14T04:49:19,0.1,34.0,13.2,22.8,17.8,0.0,26.0,0.0,30.0
2026-08-14T04:49:28,0.4,34.1,13.2,22.8,17.8,0.0,26.0,0.0,30.0
2026-08-14T04:49:38,0.4,34.0,13.2,22.8,17.8,0.0,26.0,0.0,30.0
2026-08-14T04:49:49,0.4,34.0,13.2,22.8,17.8,0.0,26.0,0.0,30.0
2026-08-14T04:49:50,0.1,34.0,13.2,22.8,17.8,0.0,26.0,0.0,30.0
2026-08-14T04:49:59,0.4,34.0,13.2,22.8,17.8,0.0,26.0,0.0,30.0
2026-08-14T04:50:09,0.4,33.8,13.2,22.8,17.8,0.0,26.0,0.0,30.0
2026-08-14T04:50:19,0.4,34.0,13.2,22.8,17.8,0.0,26.0,0.0,30.0
2026-08-14T04:50:20,0.1,34.0,13.2,22.8,17.8,0.0,26.0,0.0,30.0
2026-08-14T04:50:30,0.4,34.1,13.2,22.8,17.8,0.0,26.0,0.0,30.0
2026-08-14T04:50:40,0.4,45.5,13.2,22.8,17.8,0.0,26.0,0.0,29.0
2026-08-14T04:50:50,0.1,34.0,13.2,22.8,17.8,0.0,26.0,0.0,29.0
2026-08-14T04:50:50,0.4,34.1,13.2,22.8,17.8,0.0,26.0,0.0,29.0
2026-08-14T04:51:00,0.4,38.9,13.2,22.8,17.8,0.0,26.0,0.0,29.0
2026-08-14T04:51:11,0.4,33.9,13.2,22.8,17.8,0.0,26.0,0.0,29.0
2026-08-14T04:51:20,0.2,33.8,13.2,22.8,17.8,0.0,26.0,0.0,29.0
2026-08-14T04:51:21,0.4,34.1,13.2,22.8,17.8,0.0,26.0,0.0,29.0
2026-08-14T04:51:31,0.4,33.9,13.2,22.8,17.8,0.0,26.0,0.0,29.0
2026-08-14T04:51:41,0.4,34.0,13.2,22.8,17.8,0.0,26.0,0.0,29.0
2026-08-14T04:51:50,0.1,33.8,13.2,22.8,17.8,0.0,26.0,0.0,29.0
2026-08-14T04:51:52,0.4,34.0,13.2,22.8,17.8,0.0,26.0,0.0,29.0
2026-08-14T04:52:02,0.4,33.9,13.2,22.8,17.8,0.0,26.0,0.0,29.0
2026-08-14T04:52:12,0.4,33.9,13.2,22.8,17.8,0.0,26.0,0.0,29.0
2026-08-14T04:52:20,0.1,33.8,13.2,22.8,17.8,0.0,26.0,0.0,29.0
2026-08-14T04:52:22,0.4,33.9,13.2,22.8,17.8,0.0,26.0,0.0,29.0
2026-08-14T04:52:33,0.4,33.9,13.2,22.8,17.8,0.0,26.0,0.0,29.0
2026-08-14T04:52:43,0.4,39.6,13.2,22.8,17.8,0.0,26.0,0.0,29.0
2026-08-14T04:52:50,0.1,33.6,13.2,22.8,17.8,0.0,26.0,0.0,29.0
2026-08-14T04:52:53,0.4,33.6,13.2,22.8,17.8,0.0,26.0,0.0,29.0
2026-08-14T04:53:03,0.4,34.1,13.2,22.8,17.9,0.0,26.0,0.0,29.0
2026-08-14T04:53:14,0.4,33.6,13.2,22.8,17.9,0.0,25.0,0.0,29.0
2026-08-14T04:53:20,0.1,33.5,13.2,22.8,17.9,0.0,26.0,0.0,29.0
2026-08-14T04:53:24,0.4,33.6,13.2,22.8,17.9,0.0,25.0,0.0,29.0
2026-08-14T04:53:34,0.4,33.6,13.2,22.8,17.9,0.0,25.0,0.0,29.0
2026-08-14T04:53:44,0.4,33.5,13.2,22.8,17.9,0.0,25.0,0.0,29.0
2026-08-14T04:53:50,0.1,33.5,13.2,22.8,17.9,0.0,25.0,0.0,29.0
2026-08-14T04:53:55,0.4,33.6,13.2,22.8,17.9,0.0,25.0,0.0,29.0
2026-08-14T04:54:05,0.4,33.8,13.2,22.8,17.9,0.0,25.0,0.0,29.0
2026-08-14T04:54:15,0.4,33.9,13.2,22.8,17.9,0.0,25.0,0.0,29.0
2026-08-14T04:54:20,0.1,33.8,13.2,22.8,17.9,0.0,25.0,0.0,29.0
2026-08-14T04:54:25,0.4,33.9,13.2,22.8,17.9,0.0,25.0,0.0,29.0
2026-08-14T04:54:36,0.4,34.0,13.2,22.8,17.9,0.0,25.0,0.0,29.0
2026-08-14T04:54:46,0.4,34.1,13.2,22.8,17.9,0.0,25.0,0.0,29.0
2026-08-14T04:54:50,0.1,34.0,13.2,22.8,17.9,0.0,25.0,0.0,29.0
2026-08-14T04:54:56,0.4,34.1,13.2,22.8,17.9,0.0,25.0,0.0,29.0
2026-08-14T04:55:06,0.4,41.5,13.7,22.8,17.9,0.0,31.0,0.0,35.0
2026-08-14T04:55:17,0.4,39.6,13.6,22.8,17.9,0.0,33.0,0.0,37.0
2026-08-14T04:55:20,2.0,34.6,13.6,22.8,17.9,0.0,33.0,0.0,37.0
2026-08-14T04:55:27,0.4,34.5,13.6,22.8,17.9,0.0,33.0,0.0,38.0
2026-08-14T04:55:37,0.4,34.5,13.6,22.8,17.9,0.0,30.0,0.0,33.0
2026-08-14T04:55:47,0.4,34.8,13.6,22.8,17.9,0.0,29.0,0.0,33.0
2026-08-14T04:55:50,0.1,34.9,13.6,22.8,17.9,0.0,29.0,0.0,33.0
2026-08-14T04:55:58,0.4,44.4,13.6,22.8,17.9,0.0,29.0,0.0,33.0
2026-08-14T04:56:08,0.4,39.1,13.6,22.8,17.9,0.0,28.0,0.0,32.0
2026-08-14T04:56:18,0.4,35.1,13.6,22.8,17.9,0.0,28.0,0.0,32.0
2026-08-14T04:56:21,0.1,35.0,13.6,22.8,17.9,0.0,28.0,0.0,32.0
2026-08-14T04:56:28,0.4,35.1,13.6,22.8,17.9,0.0,28.0,0.0,32.0
2026-08-14T04:56:39,0.4,35.2,13.6,22.8,17.9,0.0,28.0,0.0,32.0
2026-08-14T04:56:49,0.4,35.2,13.6,22.8,17.9,0.0,28.0,0.0,32.0
2026-08-14T04:56:51,0.1,35.2,13.7,22.8,17.9,0.0,28.0,0.0,32.0
2026-08-14T04:56:59,0.4,35.4,13.6,22.8,17.9,0.0,28.0,0.0,32.0
2026-08-14T04:57:09,0.4,35.4,13.6,22.8,17.9,0.0,27.0,0.0,32.0
2026-08-14T04:57:20,0.4,35.4,13.6,22.8,17.9,0.0,27.0,0.0,32.0
2026-08-14T04:57:21,0.1,35.2,13.7,22.8,17.9,0.0,27.0,0.0,31.0
2026-08-14T04:57:30,0.4,35.4,13.6,22.8,17.9,0.0,27.0,0.0,31.0
2026-08-14T04:57:40,0.4,35.2,13.6,22.8,17.9,0.0,27.0,0.0,31.0
2026-08-14T04:57:50,0.4,35.6,13.7,22.8,17.9,0.0,27.0,0.0,31.0
2026-08-14T04:57:51,0.1,35.5,13.7,22.8,17.9,0.0,27.0,0.0,31.0
2026-08-14T04:58:01,0.4,35.6,13.7,22.8,17.9,0.0,27.0,0.0,31.0
2026-08-14T04:58:11,0.4,35.6,13.6,22.8,17.9,0.0,27.0,0.0,31.0
2026-08-14T04:58:21,0.1,35.5,13.6,22.8,17.9,0.0,27.0,0.0,31.0
2026-08-14T04:58:21,0.4,35.5,13.7,22.8,17.9,0.0,27.0,0.0,31.0
2026-08-14T04:58:31,0.4,35.6,13.6,22.8,17.9,0.0,27.0,0.0,31.0
2026-08-14T04:58:42,0.4,35.5,13.6,22.8,17.9,0.0,27.0,0.0,31.0
2026-08-14T04:58:51,0.1,35.5,13.4,22.8,17.9,0.0,27.0,0.0,31.0
2026-08-14T04:58:52,0.4,35.6,13.5,22.8,17.9,0.0,27.0,0.0,31.0
2026-08-14T04:59:02,0.4,35.6,13.4,22.8,18.0,0.0,27.0,0.0,31.0
2026-08-14T04:59:12,0.4,35.6,13.4,22.8,18.0,0.0,27.0,0.0,31.0
2026-08-14T04:59:21,0.1,35.5,13.4,22.8,18.0,0.0,27.0,0.0,31.0
2026-08-14T04:59:23,0.4,35.6,13.5,22.8,18.0,0.0,27.0,0.0,31.0
2026-08-14T04:59:33,0.4,35.5,13.4,22.8,18.0,0.0,27.0,0.0,31.0
2026-08-14T04:59:43,0.4,35.6,13.4,22.8,18.0,0.0,27.0,0.0,31.0
2026-08-14T04:59:51,0.1,35.8,13.5,22.8,18.0,0.0,27.0,0.0,31.0
2026-08-14T04:59:53,0.4,35.8,13.5,22.8,18.0,0.0,27.0,0.0,31.0
2026-08-14T05:00:04,0.4,35.8,13.5,22.8,18.0,0.0,27.0,0.0,31.0
2026-08-14T05:00:14,0.4,35.6,13.5,22.8,18.0,0.0,27.0,0.0,31.0
2026-08-14T05:00:21,0.1,35.5,13.5,22.8,18.0,0.0,27.0,0.0,31.0
2026-08-14T05:00:24,0.4,35.6,13.5,22.8,18.0,0.0,27.0,0.0,31.0
2026-08-14T05:00:34,0.4,35.8,13.4,22.8,18.0,0.0,27.0,0.0,31.0
2026-08-14T05:00:45,0.4,35.9,13.4,22.8,18.0,0.0,27.0,0.0,31.0
2026-08-14T05:00:51,0.1,35.8,13.4,22.8,18.0,0.0,27.0,0.0,31.0
2026-08-14T05:00:55,0.4,35.9,13.4,22.8,18.0,0.0,27.0,0.0,31.0
2026-08-14T05:01:05,0.4,36.4,13.2,22.8,18.0,0.0,27.0,0.0,31.0
2026-08-14T05:01:15,0.4,35.8,13.2,22.8,18.0,0.0,27.0,0.0,31.0
2026-08-14T05:01:21,0.2,35.8,13.2,22.8,18.0,0.0,27.0,0.0,31.0
2026-08-14T05:01:26,0.4,35.9,13.2,22.8,18.0,0.0,27.0,0.0,31.0
2026-08-14T05:01:36,0.4,35.9,13.2,22.8,18.0,0.0,27.0,0.0,31.0
2026-08-14T05:01:46,0.4,35.8,13.2,22.8,18.0,0.0,27.0,0.0,31.0
2026-08-14T05:01:51,0.1,35.8,13.2,22.8,18.0,0.0,27.0,0.0,31.0
2026-08-14T05:01:56,0.4,35.9,13.2,22.8,18.0,0.0,27.0,0.0,31.0
2026-08-14T05:02:07,0.4,35.8,13.2,22.8,18.0,0.0,27.0,0.0,30.0
2026-08-14T05:02:17,0.4,35.8,13.2,22.8,18.0,0.0,27.0,0.0,31.0
2026-08-14T05:02:21,0.1,35.8,13.2,22.8,18.0,0.0,27.0,0.0,31.0
2026-08-14T05:02:27,0.4,35.8,13.2,22.8,18.0,0.0,27.0,0.0,31.0
2026-08-14T05:02:37,0.4,35.9,13.2,22.8,18.0,0.0,27.0,0.0,30.0
2026-08-14T05:02:48,0.4,35.8,13.2,22.8,18.0,0.0,27.0,0.0,30.0
2026-08-14T05:02:52,0.1,35.8,13.3,22.8,18.0,0.0,27.0,0.0,30.0
2026-08-14T05:02:58,0.4,45.1,13.4,22.8,18.0,0.0,27.0,0.0,30.0
2026-08-14T05:03:08,0.4,42.6,13.9,22.8,18.0,0.0,27.0,0.0,30.0
2026-08-14T05:03:18,0.4,37.6,13.9,22.8,18.0,0.0,27.0,0.0,30.0
2026-08-14T05:03:22,0.4,35.8,13.9,22.8,18.0,0.0,27.0,0.0,30.0
2026-08-14T05:03:29,0.4,41.8,13.9,22.8,18.0,0.0,27.0,0.0,30.0
2026-08-14T05:03:39,0.4,35.8,13.9,22.8,18.0,0.0,27.0,0.0,30.0
2026-08-14T05:03:49,0.4,36.2,13.2,22.8,18.0,0.0,27.0,0.0,30.0
2026-08-14T05:03:52,0.1,35.8,13.3,22.8,18.0,0.0,27.0,0.0,30.0
2026-08-14T05:03:59,0.4,35.8,13.2,22.8,18.0,0.0,27.0,0.0,30.0
2026-08-14T05:04:10,0.4,35.8,13.2,22.8,18.0,0.0,27.0,0.0,30.0
2026-08-14T05:04:20,0.4,35.9,13.2,22.8,18.0,0.0,27.0,0.0,30.0
2026-08-14T05:04:22,0.1,35.9,13.2,22.8,18.0,0.0,27.0,0.0,30.0
2026-08-14T05:04:30,0.4,35.8,13.2,22.8,18.0,0.0,27.0,0.0,30.0
2026-08-14T05:04:40,0.4,35.9,13.2,22.8,18.0,0.0,27.0,0.0,30.0
2026-08-14T05:04:51,0.4,35.9,13.2,22.8,18.0,0.0,27.0,0.0,30.0
2026-08-14T05:04:52,0.1,35.8,13.2,22.8,18.0,0.0,27.0,0.0,30.0
2026-08-14T05:05:01,0.4,35.9,13.2,22.8,18.1,0.0,27.0,0.0,30.0
2026-08-14T05:05:11,0.4,35.9,13.2,22.8,18.1,0.0,27.0,0.0,30.0
2026-08-14T05:05:21,0.4,35.9,13.2,22.8,18.1,0.0,27.0,0.0,30.0
2026-08-14T05:05:22,0.1,35.9,13.3,22.8,18.1,0.0,27.0,0.0,30.0
2026-08-14T05:05:32,0.4,35.9,13.2,22.8,18.1,0.0,27.0,0.0,30.0
2026-08-14T05:05:42,0.4,35.9,13.2,22.8,18.1,0.0,27.0,0.0,30.0
2026-08-14T05:05:52,0.4,36.0,13.2,22.8,18.1,0.0,27.0,0.0,30.0
2026-08-14T05:05:52,0.1,36.0,13.2,22.8,18.1,0.0,27.0,0.0,30.0
2026-08-14T05:06:02,0.4,48.4,13.2,22.8,18.1,0.0,27.0,0.0,30.0
2026-08-14T05:06:13,0.4,35.9,13.2,22.8,18.1,0.0,27.0,0.0,30.0
2026-08-14T05:06:22,0.2,35.9,13.2,22.8,18.1,0.0,27.0,0.0,30.0
2026-08-14T05:06:23,0.4,36.0,13.3,22.8,18.1,0.0,27.0,0.0,30.0
2026-08-14T05:06:33,0.4,35.9,13.2,22.8,18.1,0.0,27.0,0.0,30.0
2026-08-14T05:06:43,0.4,35.9,13.2,22.8,18.1,0.0,27.0,0.0,30.0
2026-08-14T05:06:52,0.1,35.8,13.1,22.8,18.1,0.0,27.0,0.0,30.0
2026-08-14T05:06:54,0.4,35.9,13.2,22.8,18.1,0.0,27.0,0.0,30.0
2026-08-14T05:07:04,0.4,36.1,13.1,22.8,18.1,0.0,27.0,0.0,30.0
2026-08-14T05:07:14,0.4,36.0,13.2,22.8,18.1,0.0,27.0,0.0,30.0
2026-08-14T05:07:22,0.1,36.0,13.2,22.8,18.1,0.0,27.0,0.0,30.0
2026-08-14T05:07:24,0.4,36.1,13.2,22.8,18.1,0.0,27.0,0.0,30.0
2026-08-14T05:07:35,0.4,36.1,13.2,22.8,18.1,0.0,27.0,0.0,30.0
2026-08-14T05:07:45,0.4,36.0,13.2,22.8,18.1,0.0,27.0,0.0,30.0
2026-08-14T05:07:53,0.1,36.0,13.2,22.8,18.1,0.0,27.0,0.0,30.0
2026-08-14T05:07:55,0.4,36.0,13.2,22.8,18.1,0.0,27.0,0.0,30.0
2026-08-14T05:08:05,0.4,36.1,13.2,22.8,18.1,0.0,27.0,0.0,30.0
2026-08-14T05:08:16,0.4,36.1,13.2,22.8,18.1,0.0,27.0,0.0,30.0
2026-08-14T05:08:23,0.1,36.0,13.2,22.8,18.1,0.0,27.0,0.0,31.0
2026-08-14T05:08:26,0.4,36.1,13.2,22.8,18.1,0.0,27.0,0.0,30.0
2026-08-14T05:08:36,0.4,36.2,13.2,22.8,18.1,0.0,27.0,0.0,31.0
2026-08-14T05:08:46,0.4,36.1,13.2,22.8,18.1,0.0,27.0,0.0,31.0
2026-08-14T05:08:53,0.1,36.0,13.2,22.8,18.1,0.0,27.0,0.0,30.0
2026-08-14T05:08:57,0.4,36.0,13.2,22.8,18.1,0.0,27.0,0.0,30.0
2026-08-14T05:09:07,0.4,36.1,13.2,22.8,18.1,0.0,27.0,0.0,30.0
2026-08-14T05:09:17,0.4,36.1,13.2,22.8,18.1,0.0,27.0,0.0,31.0
2026-08-14T05:09:23,0.1,36.0,13.2,22.8,18.1,0.0,27.0,0.0,31.0
2026-08-14T05:09:27,0.4,36.1,13.2,22.8,18.1,0.0,27.0,0.0,31.0
2026-08-14T05:09:38,0.4,35.9,13.2,22.8,18.1,0.0,27.0,0.0,31.0
2026-08-14T05:09:48,0.4,39.4,13.2,22.8,18.1,0.0,27.0,0.0,30.0
2026-08-14T05:09:53,0.1,35.5,13.2,22.8,18.1,0.0,27.0,0.0,30.0
2026-08-14T05:09:58,0.4,35.5,13.2,22.8,18.1,0.0,27.0,0.0,30.0
2026-08-14T05:10:08,0.4,35.5,13.2,22.8,18.1,0.0,27.0,0.0,30.0
2026-08-14T05:10:19,0.4,45.2,13.2,22.8,18.1,0.0,27.0,0.0,30.0
2026-08-14T05:10:23,0.6,47.9,13.6,22.8,18.1,0.0,31.0,0.0,36.0
2026-08-14T05:10:29,0.4,38.9,13.6,22.8,18.1,0.0,32.0,0.0,36.0
2026-08-14T05:10:39,0.4,35.4,13.5,22.8,18.1,0.0,30.0,0.0,34.0
2026-08-14T05:10:49,0.4,35.4,13.5,22.8,18.1,0.0,29.0,0.0,33.0
2026-08-14T05:10:53,0.1,35.2,13.5,22.8,18.1,0.0,29.0,0.0,33.0
2026-08-14T05:11:00,0.4,41.1,13.5,22.8,18.2,0.0,29.0,0.0,33.0
2026-08-14T05:11:10,0.4,37.6,13.5,22.8,18.2,0.0,28.0,0.0,32.0
2026-08-14T05:11:20,0.4,35.1,13.5,22.8,18.2,0.0,28.0,0.0,32.0
2026-08-14T05:11:23,0.2,35.0,13.5,22.8,18.2,0.0,28.0,0.0,32.0
2026-08-14T05:11:30,0.4,35.1,13.5,22.8,18.2,0.0,28.0,0.0,32.0
2026-08-14T05:11:41,0.4,35.1,13.5,22.8,18.2,0.0,28.0,0.0,32.0
2026-08-14T05:11:51,0.4,35.0,13.5,22.8,18.2,0.0,28.0,0.0,32.0
2026-08-14T05:11:53,0.1,34.9,13.5,22.8,18.2,0.0,28.0,0.0,32.0
2026-08-14T05:12:01,0.4,34.9,13.5,22.8,18.2,0.0,27.0,0.0,32.0
2026-08-14T05:12:11,0.4,34.9,13.5,22.8,18.2,0.0,27.0,0.0,32.0
2026-08-14T05:12:22,0.4,34.8,13.5,22.8,18.2,0.0,27.0,0.0,32.0
2026-08-14T05:12:23,0.1,34.8,13.5,22.8,18.2,0.0,27.0,0.0,32.0
2026-08-14T05:12:32,0.4,34.6,13.5,22.8,18.2,0.0,27.0,0.0,31.0
2026-08-14T05:12:42,0.4,34.8,13.5,22.8,18.2,0.0,27.0,0.0,31.0
2026-08-14T05:12:52,0.4,41.6,13.5,22.8,18.2,0.0,27.0,0.0,31.0
2026-08-14T05:12:53,0.1,40.1,13.6,22.8,18.2,0.0,27.0,0.0,31.0
2026-08-14T05:13:03,0.4,34.5,13.5,22.8,18.2,0.0,27.0,0.0,31.0
2026-08-14T05:13:13,0.4,34.6,13.5,22.8,18.2,0.0,27.0,0.0,31.0
2026-08-14T05:13:23,0.4,34.6,13.5,22.8,18.2,0.0,27.0,0.0,31.0
2026-08-14T05:13:23,0.1,34.5,13.5,22.8,18.2,0.0,27.0,0.0,31.0
2026-08-14T05:13:33,0.4,34.4,13.5,22.8,18.2,0.0,27.0,0.0,31.0
2026-08-14T05:13:44,0.4,34.4,13.5,22.8,18.2,0.0,27.0,0.0,31.0
2026-08-14T05:13:53,0.1,34.2,13.4,22.8,18.2,0.0,26.0,0.0,31.0
2026-08-14T05:13:54,0.4,34.2,13.4,22.8,18.2,0.0,26.0,0.0,31.0
2026-08-14T05:14:04,0.4,34.4,13.4,22.8,18.2,0.0,26.0,0.0,31.0
2026-08-14T05:14:14,0.4,34.2,13.4,22.8,18.2,0.0,26.0,0.0,31.0
2026-08-14T05:14:24,0.1,34.1,13.4,22.8,18.2,0.0,26.0,0.0,31.0
2026-08-14T05:14:25,0.4,34.2,13.4,22.8,18.2,0.0,26.0,0.0,31.0
2026-08-14T05:14:35,0.4,34.1,13.4,22.8,18.2,0.0,26.0,0.0,30.0
2026-08-14T05:14:45,0.4,34.1,13.4,22.8,18.2,0.0,26.0,0.0,30.0
2026-08-14T05:14:54,0.1,40.4,13.4,22.8,18.2,0.0,26.0,0.0,30.0
2026-08-14T05:14:55,0.4,38.0,13.4,22.8,18.2,0.0,26.0,0.0,30.0
2026-08-14T05:15:06,0.4,34.1,13.4,22.8,18.2,0.0,26.0,0.0,30.0
2026-08-14T05:15:16,0.4,34.0,13.4,22.8,18.2,0.0,26.0,0.0,30.0
2026-08-14T05:15:24,0.1,34.0,13.2,22.8,18.2,0.0,26.0,0.0,30.0
2026-08-14T05:15:26,0.4,34.1,13.3,22.8,18.2,0.0,26.0,0.0,30.0
2026-08-14T05:15:36,0.4,33.9,13.3,22.8,18.2,0.0,26.0,0.0,30.0
2026-08-14T05:15:47,0.4,33.9,13.3,22.8,18.2,0.0,26.0,0.0,30.0
2026-08-14T05:15:54,0.1,33.8,13.2,22.8,18.2,0.0,26.0,0.0,30.0
2026-08-14T05:15:57,0.4,33.9,13.3,22.8,18.2,0.0,26.0,0.0,30.0
2026-08-14T05:16:07,0.4,34.1,13.2,22.8,18.2,0.0,26.0,0.0,30.0
2026-08-14T05:16:17,0.4,33.9,13.2,22.8,18.2,0.0,26.0,0.0,30.0
2026-08-14T05:16:24,0.1,33.8,13.2,22.8,18.2,0.0,26.0,0.0,30.0
2026-08-14T05:16:28,0.4,33.9,13.3,22.8,18.2,0.0,26.0,0.0,30.0
2026-08-14T05:16:38,0.4,33.9,13.2,22.8,18.2,0.0,26.0,0.0,30.0
2026-08-14T05:16:48,0.4,40.9,13.2,22.8,18.2,0.0,26.0,0.0,30.0
2026-08-14T05:16:54,0.2,33.5,13.2,22.8,18.2,0.0,26.0,0.0,30.0
2026-08-14T05:16:58,0.4,33.6,13.2,22.8,18.3,0.0,26.0,0.0,30.0
2026-08-14T05:17:09,0.4,33.6,13.2,22.8,18.3,0.0,25.0,0.0,30.0
2026-08-14T05:17:19,0.4,33.6,13.2,22.8,18.3,0.0,25.0,0.0,29.0
2026-08-14T05:17:24,0.1,33.5,13.2,22.8,18.3,0.0,25.0,0.0,29.0
2026-08-14T05:17:29,0.4,33.6,13.2,22.8,18.3,0.0,25.0,0.0,29.0
2026-08-14T05:17:39,0.4,33.6,13.2,22.8,18.3,0.0,25.0,0.0,29.0
2026-08-14T05:17:50,0.4,33.6,13.2,22.8,18.3,0.0,25.0,0.0,29.0
2026-08-14T05:17:54,0.1,33.5,13.3,22.8,18.3,0.0,25.0,0.0,29.0
2026-08-14T05:18:00,0.4,33.6,13.2,22.8,18.3,0.0,25.0,0.0,29.0
2026-08-14T05:18:10,0.4,33.5,13.2,22.8,18.3,0.0,25.0,0.0,29.0
2026-08-14T05:18:20,0.4,33.6,13.2,22.8,18.3,0.0,25.0,0.0,29.0
2026-08-14T05:18:24,0.1,38.4,13.3,22.8,18.3,0.0,25.0,0.0,29.0
2026-08-14T05:18:31,0.4,33.4,13.2,22.8,18.3,0.0,25.0,0.0,29.0
2026-08-14T05:18:41,0.4,33.4,13.2,22.8,18.3,0.0,25.0,0.0,29.0
2026-08-14T05:18:51,0.4,33.2,13.2,22.8,18.3,0.0,25.0,0.0,29.0
2026-08-14T05:18:54,0.1,33.2,13.2,22.8,18.3,0.0,25.0,0.0,29.0
2026-08-14T05:19:01,0.4,33.6,13.2,22.8,18.3,0.0,25.0,0.0,29.0
2026-08-14T05:19:12,0.4,33.6,13.2,22.8,18.3,0.0,25.0,0.0,29.0
2026-08-14T05:19:22,0.4,33.5,13.2,22.8,18.3,0.0,25.0,0.0,29.0
2026-08-14T05:19:24,0.1,33.6,13.2,22.8,18.3,0.0,25.0,0.0,29.0
2026-08-14T05:19:32,0.4,33.8,13.2,22.8,18.3,0.0,25.0,0.0,29.0
2026-08-14T05:19:42,0.4,33.8,13.2,22.8,18.3,0.0,25.0,0.0,29.0
2026-08-14T05:19:53,0.4,33.9,13.2,22.8,18.3,0.0,25.0,0.0,29.0
2026-08-14T05:19:54,0.1,34.0,13.3,22.8,18.3,0.0,25.0,0.0,29.0
2026-08-14T05:20:03,0.4,34.0,13.2,22.8,18.3,0.0,25.0,0.0,29.0
2026-08-14T05:20:13,0.4,34.0,13.2,22.8,18.3,0.0,25.0,0.0,29.0
2026-08-14T05:20:23,0.4,39.6,13.2,22.8,18.3,0.0,25.0,0.0,29.0
2026-08-14T05:20:25,0.1,39.1,13.3,22.8,18.3,0.0,25.0,0.0,29.0
2026-08-14T05:20:34,0.4,34.1,13.2,22.8,18.3,0.0,25.0,0.0,29.0
2026-08-14T05:20:44,0.4,34.2,13.2,22.8,18.3,0.0,25.0,0.0,29.0
2026-08-14T05:20:54,0.4,39.2,13.2,22.8,18.3,0.0,25.0,0.0,29.0
2026-08-14T05:20:55,0.1,39.2,13.3,22.8,18.3,0.0,25.0,0.0,29.0
2026-08-14T05:21:04,0.4,36.1,13.2,22.8,18.3,0.0,25.0,0.0,29.0
2026-08-14T05:21:15,0.4,34.4,13.2,22.8,18.3,0.0,25.0,0.0,29.0
2026-08-14T05:21:25,0.2,34.4,13.2,22.8,18.3,0.0,25.0,0.0,29.0
2026-08-14T05:21:25,0.4,34.6,13.2,22.8,18.3,0.0,25.0,0.0,29.0
2026-08-14T05:21:35,0.4,34.6,13.2,22.8,18.3,0.0,25.0,0.0,29.0
2026-08-14T05:21:45,0.4,34.6,13.2,22.8,18.3,0.0,25.0,0.0,29.0
2026-08-14T05:21:55,0.1,34.5,13.2,22.8,18.3,0.0,25.0,0.0,29.0
2026-08-14T05:21:56,0.4,34.8,13.2,22.8,18.3,0.0,26.0,0.0,29.0
2026-08-14T05:22:06,0.4,34.9,13.2,22.8,18.3,0.0,26.0,0.0,29.0
2026-08-14T05:22:16,0.4,34.9,13.2,22.8,18.3,0.0,26.0,0.0,29.0
2026-08-14T05:22:25,0.1,34.8,13.2,22.8,18.3,0.0,26.0,0.0,29.0
2026-08-14T05:22:26,0.4,34.9,13.2,22.8,18.3,0.0,26.0,0.0,29.0
2026-08-14T05:22:37,0.4,34.9,13.2,22.8,18.3,0.0,26.0,0.0,29.0
2026-08-14T05:22:47,0.4,34.9,13.2,22.8,18.3,0.0,26.0,0.0,29.0
2026-08-14T05:22:55,0.1,37.6,13.2,22.8,18.3,0.0,26.0,0.0,29.0
2026-08-14T05:22:57,0.4,35.1,13.3,22.8,18.4,0.0,26.0,0.0,29.0
2026-08-14T05:23:07,0.4,34.9,13.2,22.8,18.4,0.0,26.0,0.0,29.0
2026-08-14T05:23:18,0.4,34.9,13.2,22.8,18.4,0.0,26.0,0.0,29.0
2026-08-14T05:23:25,0.1,34.9,13.2,22.8,18.4,0.0,26.0,0.0,29.0
2026-08-14T05:23:28,0.4,35.1,13.2,22.8,18.4,0.0,26.0,0.0,29.0
2026-08-14T05:23:38,0.4,35.0,13.2,22.8,18.4,0.0,26.0,0.0,29.0
2026-08-14T05:23:48,0.4,35.0,13.2,22.8,18.4,0.0,26.0,0.0,29.0
2026-08-14T05:23:55,0.1,35.0,13.2,22.8,18.4,0.0,26.0,0.0,29.0
2026-08-14T05:23:59,0.4,35.1,13.2,22.8,18.4,0.0,26.0,0.0,29.0
2026-08-14T05:24:09,0.4,35.1,13.2,22.8,18.4,0.0,26.0,0.0,29.0
2026-08-14T05:24:19,0.4,35.1,13.2,22.8,18.4,0.0,26.0,0.0,29.0
2026-08-14T05:24:25,0.1,35.0,13.2,22.8,18.4,0.0,26.0,0.0,29.0
2026-08-14T05:24:29,0.4,35.1,13.2,22.8,18.4,0.0,26.0,0.0,29.0
2026-08-14T05:24:40,0.4,35.1,13.2,22.8,18.4,0.0,26.0,0.0,29.0
2026-08-14T05:24:50,0.4,35.1,13.2,22.8,18.4,0.0,26.0,0.0,29.0
2026-08-14T05:24:55,0.1,36.2,13.2,22.8,18.4,0.0,26.0,0.0,29.0
2026-08-14T05:25:00,0.4,35.4,13.2,22.8,18.4,0.0,26.0,0.0,29.0
2026-08-14T05:25:10,0.4,35.4,13.2,22.8,18.4,0.0,26.0,0.0,29.0
2026-08-14T05:25:21,0.4,35.2,13.2,22.8,18.4,0.0,26.0,0.0,29.0
2026-08-14T05:25:27,0.1,35.2,13.2,22.8,18.4,0.0,26.0,0.0,29.0
2026-08-14T05:25:31,0.4,35.2,13.2,22.8,18.4,0.0,26.0,0.0,29.0
2026-08-14T05:25:41,0.4,35.4,13.2,22.8,18.4,0.0,26.0,0.0,29.0
2026-08-14T05:25:51,0.4,35.4,13.2,22.8,18.4,0.0,26.0,0.0,29.0
2026-08-14T05:25:57,0.1,35.2,13.2,22.8,18.4,0.0,26.0,0.0,29.0
2026-08-14T05:26:02,0.4,51.9,13.5,22.8,18.4,30.0,34.0,39.0,42.0
