timestamp,cpu_usage,cpu_temp,mem_pct,disk_pct,uptime_h,gpu0_util,gpu0_temp,gpu1_util,gpu1_temp
2026-06-01T05:57:54,8.7,80.6,13.7,44.0,1.2,31.0,67.0,49.0,86.0
2026-06-01T06:00:32,8.7,75.9,13.5,44.0,1.2,38.0,66.0,18.0,86.0
2026-06-01T06:01:02,5.8,76.0,13.4,44.0,1.2,51.0,66.0,45.0,84.0
2026-06-01T06:01:32,7.3,75.2,13.5,44.0,1.2,53.0,65.0,40.0,83.0
2026-06-01T06:02:03,7.2,70.2,13.2,44.0,1.2,69.0,67.0,72.0,81.0
2026-06-01T06:02:33,7.0,75.0,13.4,44.0,1.3,47.0,70.0,45.0,87.0
2026-06-01T06:03:03,7.1,76.2,13.4,44.0,1.3,50.0,72.0,43.0,87.0
2026-06-01T06:03:33,7.2,77.2,13.4,44.0,1.3,50.0,72.0,46.0,89.0
2026-06-01T06:04:03,7.4,76.0,13.5,44.0,1.3,51.0,72.0,46.0,88.0
2026-06-01T06:04:33,7.2,77.1,13.6,44.0,1.3,100.0,73.0,0.0,86.0
2026-06-01T06:05:03,7.1,80.4,13.3,44.0,1.3,48.0,72.0,46.0,87.0
2026-06-01T06:05:33,7.1,77.5,13.3,44.0,1.3,51.0,73.0,43.0,89.0
2026-06-01T06:06:03,7.3,77.9,13.3,44.0,1.3,48.0,73.0,43.0,92.0
2026-06-01T06:06:33,7.1,78.9,13.2,44.0,1.3,50.0,73.0,44.0,88.0
2026-06-01T06:07:03,7.1,80.1,13.5,44.0,1.3,0.0,70.0,100.0,90.0
2026-06-01T06:07:33,7.0,78.0,13.7,44.0,1.3,47.0,72.0,48.0,87.0
2026-06-01T06:08:03,7.3,80.8,13.7,44.0,1.3,50.0,73.0,42.0,88.0
2026-06-01T06:08:33,7.1,77.5,13.7,44.0,1.4,47.0,74.0,44.0,91.0
2026-06-01T06:09:03,7.2,87.1,13.7,44.0,1.4,48.0,73.0,43.0,90.0
2026-06-01T06:09:33,7.2,88.2,13.7,44.0,1.4,49.0,72.0,48.0,87.0
2026-06-01T06:10:04,7.1,82.8,13.8,44.0,1.4,51.0,73.0,43.0,87.0
2026-06-01T06:10:34,7.2,77.6,13.7,44.0,1.4,48.0,73.0,48.0,87.0
2026-06-01T06:11:04,7.2,78.5,13.7,44.0,1.4,52.0,74.0,46.0,90.0
2026-06-01T06:11:34,7.2,77.2,13.7,44.0,1.4,47.0,72.0,44.0,87.0
2026-06-01T06:12:04,7.4,78.4,13.8,44.0,1.4,47.0,73.0,47.0,88.0
2026-06-01T06:12:34,7.2,84.0,13.8,44.0,1.4,48.0,74.0,42.0,87.0
2026-06-01T06:13:04,7.1,80.4,13.9,44.0,1.4,47.0,74.0,48.0,89.0
2026-06-01T06:13:34,7.1,85.0,13.9,44.0,1.4,50.0,73.0,44.0,91.0
2026-06-01T06:14:04,7.3,81.4,13.7,44.0,1.4,49.0,73.0,43.0,90.0
2026-06-01T06:14:34,7.2,83.6,13.8,44.0,1.5,50.0,74.0,44.0,88.0
2026-06-01T06:15:04,7.1,78.0,13.9,44.0,1.5,47.0,73.0,47.0,89.0
2026-06-01T06:15:35,7.1,77.6,13.9,44.0,1.5,48.0,73.0,46.0,88.0
2026-06-01T06:16:05,7.2,77.4,13.8,44.0,1.5,48.0,73.0,43.0,91.0
2026-06-01T06:16:35,7.2,77.9,13.8,44.0,1.5,47.0,73.0,49.0,88.0
2026-06-01T06:17:05,7.2,81.2,13.9,44.0,1.5,100.0,75.0,0.0,86.0
2026-06-01T06:17:35,7.0,79.9,14.3,44.0,1.5,49.0,72.0,45.0,87.0
2026-06-01T06:18:05,7.6,76.5,14.1,44.0,1.5,0.0,69.0,69.0,87.0
2026-06-01T06:18:35,7.0,77.2,14.4,44.0,1.5,48.0,72.0,45.0,88.0
2026-06-01T06:19:05,7.4,77.5,14.0,44.0,1.5,52.0,71.0,46.0,88.0
2026-06-01T06:19:35,7.4,77.2,14.1,44.0,1.5,52.0,72.0,41.0,87.0
2026-06-01T06:20:05,7.4,78.9,13.9,44.0,1.5,49.0,73.0,46.0,88.0
2026-06-01T06:20:35,7.3,74.5,14.5,44.0,1.6,100.0,73.0,0.0,85.0
2026-06-01T06:21:05,7.4,76.9,14.3,44.0,1.6,49.0,71.0,41.0,87.0
2026-06-01T06:21:35,7.1,76.8,14.2,44.0,1.6,49.0,71.0,45.0,87.0
2026-06-01T06:22:05,7.1,79.4,14.2,44.0,1.6,48.0,72.0,49.0,89.0
2026-06-01T06:22:35,7.5,82.2,14.4,44.0,1.6,8.0,74.0,23.0,87.0
2026-06-01T06:23:05,7.2,77.4,15.0,44.0,1.6,47.0,72.0,45.0,87.0
2026-06-01T06:23:36,7.1,82.1,14.2,44.0,1.6,52.0,72.0,42.0,86.0
2026-06-01T06:24:06,7.4,76.8,14.2,44.0,1.6,49.0,73.0,41.0,87.0
2026-06-01T06:24:36,7.1,81.1,14.2,44.0,1.6,50.0,73.0,45.0,87.0
2026-06-01T06:25:06,7.3,81.4,14.4,44.0,1.6,51.0,71.0,80.0,88.0
2026-06-01T06:25:36,7.3,77.1,15.1,44.0,1.6,50.0,72.0,48.0,86.0
2026-06-01T06:26:06,1.3,63.8,14.3,44.0,1.6,0.0,56.0,0.0,71.0
2026-06-01T06:26:36,0.0,62.5,14.3,44.0,1.7,0.0,49.0,0.0,64.0
2026-06-01T06:27:06,1.8,70.6,14.3,44.0,1.7,47.0,57.0,47.0,72.0
2026-06-01T06:27:36,1.1,59.0,14.3,44.0,1.7,0.0,48.0,0.0,61.0
2026-06-01T06:28:06,0.0,57.8,14.3,44.0,1.7,0.0,43.0,0.0,56.0
2026-06-01T06:28:36,0.0,56.0,14.3,44.0,1.7,0.0,41.0,0.0,53.0
2026-06-01T06:29:06,0.0,54.6,14.3,44.0,1.7,0.0,39.0,0.0,50.0
2026-06-01T06:29:36,3.2,53.5,14.3,44.0,1.7,0.0,48.0,0.0,58.0
2026-06-01T06:30:06,0.0,53.0,14.3,44.0,1.7,0.0,41.0,0.0,51.0
2026-06-01T06:30:37,0.0,52.2,14.3,44.0,1.7,0.0,38.0,0.0,48.0
2026-06-01T06:31:07,0.0,51.2,14.3,44.0,1.7,0.0,37.0,0.0,46.0
2026-06-01T06:31:37,1.6,64.8,14.4,44.0,1.7,100.0,51.0,0.0,54.0
2026-06-01T06:32:07,0.9,49.8,14.3,44.0,1.7,0.0,40.0,0.0,48.0
2026-06-01T06:32:37,0.0,49.2,14.3,44.0,1.8,0.0,37.0,0.0,45.0
2026-06-01T06:33:07,0.0,48.5,14.3,44.0,1.8,0.0,35.0,0.0,43.0
2026-06-01T06:33:37,0.0,47.8,14.3,44.0,1.8,0.0,34.0,0.0,42.0
2026-06-01T06:34:07,3.0,47.4,14.3,44.0,1.8,0.0,43.0,0.0,51.0
2026-06-01T06:34:37,0.0,47.2,14.3,44.0,1.8,0.0,37.0,0.0,45.0
2026-06-01T06:35:07,0.0,47.0,14.3,44.0,1.8,0.0,35.0,0.0,43.0
2026-06-01T06:35:37,0.0,46.4,14.3,44.0,1.8,0.0,34.0,0.0,41.0
2026-06-01T06:36:07,2.2,63.0,14.3,44.0,1.8,45.0,47.0,44.0,55.0
2026-06-01T06:36:37,0.7,46.0,14.3,44.0,1.8,0.0,37.0,0.0,44.0
2026-06-01T06:37:08,0.0,45.9,14.3,44.0,1.8,0.0,35.0,0.0,42.0
2026-06-01T06:37:38,0.0,45.5,14.3,44.0,1.8,0.0,34.0,0.0,41.0
2026-06-01T06:38:08,0.0,45.2,14.3,44.0,1.8,0.0,33.0,0.0,39.0
2026-06-01T06:38:38,2.9,45.1,14.3,44.0,1.9,0.0,41.0,0.0,49.0
2026-06-01T06:39:08,0.0,45.1,14.3,44.0,1.9,0.0,35.0,0.0,42.0
2026-06-01T06:39:38,0.0,45.0,14.3,44.0,1.9,0.0,34.0,0.0,41.0
2026-06-01T06:40:08,0.0,44.8,14.3,44.0,1.9,0.0,33.0,0.0,39.0
2026-06-01T06:40:38,2.4,56.8,14.3,44.0,1.9,0.0,42.0,0.0,50.0
2026-06-01T06:41:08,0.0,44.2,14.3,44.0,1.9,0.0,36.0,0.0,42.0
2026-06-01T06:41:38,0.0,44.2,14.3,44.0,1.9,0.0,34.0,0.0,40.0
2026-06-01T06:42:08,0.0,44.0,14.3,44.0,1.9,0.0,32.0,0.0,39.0
2026-06-01T06:42:38,0.0,43.8,14.3,44.0,1.9,0.0,32.0,0.0,38.0
2026-06-01T06:43:09,3.0,43.8,14.2,44.0,1.9,0.0,40.0,0.0,48.0
2026-06-01T06:43:39,0.0,43.9,14.3,44.0,1.9,0.0,34.0,0.0,41.0
2026-06-01T06:44:09,0.0,43.8,14.3,44.0,1.9,0.0,33.0,0.0,39.0
2026-06-01T06:44:39,0.0,43.5,14.3,44.0,2.0,0.0,32.0,0.0,38.0
2026-06-01T06:45:09,2.8,53.5,14.3,44.0,2.0,0.0,41.0,0.0,49.0
2026-06-01T06:45:39,0.0,43.5,14.3,44.0,2.0,0.0,35.0,0.0,41.0
2026-06-01T06:46:09,0.0,43.5,14.3,44.0,2.0,0.0,33.0,0.0,40.0
2026-06-01T06:46:39,0.0,43.5,14.3,44.0,2.0,0.0,32.0,0.0,38.0
2026-06-01T06:47:11,0.3,52.8,14.2,44.0,2.0,8.0,36.0,100.0,48.0
2026-06-01T06:47:41,2.3,50.6,14.3,44.0,2.0,0.0,36.0,0.0,43.0
2026-06-01T06:48:11,0.0,43.4,14.3,44.0,2.0,0.0,33.0,0.0,40.0
2026-06-01T06:48:41,0.0,43.4,14.3,44.0,2.0,0.0,32.0,0.0,38.0
2026-06-01T06:49:11,0.0,43.0,14.3,44.0,2.0,0.0,31.0,0.0,37.0
2026-06-01T06:49:41,2.3,45.9,14.3,44.0,2.0,0.0,39.0,0.0,46.0
2026-06-01T06:50:11,0.0,43.0,14.3,44.0,2.0,0.0,34.0,0.0,40.0
2026-06-01T06:50:41,0.0,43.0,14.3,44.0,2.1,0.0,32.0,0.0,39.0
2026-06-01T06:51:11,0.0,43.0,14.3,44.0,2.1,0.0,31.0,0.0,38.0
2026-06-01T06:51:41,1.2,60.1,14.3,44.0,2.1,0.0,37.0,0.0,45.0
2026-06-01T06:52:11,1.1,42.8,14.3,44.0,2.1,0.0,35.0,0.0,41.0
2026-06-01T06:52:41,0.0,42.8,14.3,44.0,2.1,0.0,33.0,0.0,39.0
2026-06-01T06:53:12,0.0,42.8,14.3,44.0,2.1,0.0,31.0,0.0,38.0
2026-06-01T06:53:42,0.0,42.5,14.3,44.0,2.1,0.0,31.0,0.0,37.0
2026-06-01T06:54:12,3.2,42.8,14.3,44.0,2.1,0.0,39.0,0.0,47.0
2026-06-01T06:54:42,0.0,42.8,14.3,44.0,2.1,0.0,34.0,0.0,40.0
2026-06-01T06:55:12,0.0,42.9,14.3,44.0,2.1,0.0,32.0,0.0,39.0
2026-06-01T06:55:42,0.0,42.8,14.3,44.0,2.1,0.0,31.0,0.0,38.0
2026-06-01T06:56:12,1.9,57.2,14.3,44.0,2.1,55.0,44.0,43.0,52.0
2026-06-01T06:56:42,0.5,42.8,14.3,44.0,2.2,0.0,34.0,0.0,41.0
2026-06-01T06:57:12,0.0,42.8,14.3,44.0,2.2,0.0,33.0,0.0,39.0
2026-06-01T06:57:42,0.0,42.9,14.3,44.0,2.2,0.0,31.0,0.0,38.0
2026-06-01T06:58:12,0.0,42.8,14.3,44.0,2.2,0.0,31.0,0.0,37.0
2026-06-01T06:58:42,2.5,42.8,14.3,44.0,2.2,0.0,39.0,0.0,46.0
2026-06-01T06:59:12,0.0,42.9,14.3,44.0,2.2,0.0,33.0,0.0,40.0
2026-06-01T06:59:43,0.0,42.9,14.3,44.0,2.2,0.0,32.0,0.0,38.0
2026-06-01T07:00:13,0.0,42.8,14.3,44.0,2.2,0.0,31.0,0.0,37.0
2026-06-01T07:00:43,2.3,48.0,14.4,44.0,2.2,0.0,38.0,0.0,46.0
2026-06-01T07:01:13,0.0,42.6,14.3,44.0,2.2,0.0,34.0,0.0,40.0
2026-06-01T07:01:43,0.0,42.5,14.3,44.0,2.2,0.0,32.0,0.0,38.0
2026-06-01T07:02:13,0.0,42.6,14.3,44.0,2.2,0.0,31.0,0.0,37.0
2026-06-01T07:02:43,0.6,52.8,14.4,44.0,2.3,46.0,40.0,45.0,49.0
2026-06-01T07:03:13,2.6,42.4,14.3,44.0,2.3,0.0,36.0,0.0,43.0
2026-06-01T07:03:43,0.0,42.5,14.3,44.0,2.3,0.0,33.0,0.0,40.0
2026-06-01T07:04:13,0.0,42.6,14.3,44.0,2.3,0.0,32.0,0.0,38.0
2026-06-01T07:04:43,0.0,42.5,14.3,44.0,2.3,0.0,31.0,0.0,37.0
2026-06-01T07:05:13,2.4,48.5,14.2,44.0,2.3,0.0,38.0,0.0,46.0
2026-06-01T07:05:43,0.0,42.2,14.3,44.0,2.3,0.0,34.0,0.0,40.0
2026-06-01T07:06:14,0.0,42.5,14.3,44.0,2.3,0.0,32.0,0.0,38.0
2026-06-01T07:06:44,0.0,42.5,14.3,44.0,2.3,0.0,31.0,0.0,37.0
2026-06-01T07:07:14,0.9,53.6,14.3,44.0,2.3,47.0,41.0,42.0,50.0
2026-06-01T07:07:44,2.2,42.6,14.3,44.0,2.3,0.0,36.0,0.0,43.0
2026-06-01T07:08:14,0.0,42.6,14.3,44.0,2.3,0.0,33.0,0.0,40.0
2026-06-01T07:08:44,0.0,42.8,14.3,44.0,2.4,0.0,32.0,0.0,38.0
2026-06-01T07:09:14,0.0,42.5,14.3,44.0,2.4,0.0,31.0,0.0,37.0
2026-06-01T07:09:44,2.7,47.0,14.3,44.0,2.4,0.0,39.0,0.0,46.0
2026-06-01T07:10:14,0.0,42.8,14.3,44.0,2.4,0.0,34.0,0.0,40.0
2026-06-01T07:10:44,0.0,42.8,14.3,44.0,2.4,0.0,32.0,0.0,39.0
2026-06-01T07:11:14,0.0,42.8,14.3,44.0,2.4,0.0,31.0,0.0,37.0
2026-06-01T07:11:44,1.1,52.4,14.4,44.0,2.4,0.0,38.0,0.0,46.0
2026-06-01T07:12:14,1.0,42.6,14.3,44.0,2.4,0.0,34.0,0.0,41.0
2026-06-01T07:12:45,0.0,42.6,14.3,44.0,2.4,0.0,32.0,0.0,39.0
2026-06-01T07:13:15,0.0,42.5,14.3,44.0,2.4,0.0,31.0,0.0,38.0
2026-06-01T07:13:45,0.0,42.2,14.3,44.0,2.4,0.0,30.0,0.0,37.0
2026-06-01T07:14:15,2.9,42.2,14.3,44.0,2.4,0.0,39.0,0.0,46.0
2026-06-01T07:14:45,0.0,42.5,14.3,44.0,2.5,0.0,33.0,0.0,40.0
2026-06-01T07:15:15,0.0,42.6,14.3,44.0,2.5,0.0,32.0,0.0,38.0
2026-06-01T07:15:45,0.0,42.5,14.3,44.0,2.5,0.0,31.0,0.0,37.0
2026-06-01T07:16:15,1.8,57.2,14.3,44.0,2.5,44.0,42.0,39.0,51.0
2026-06-01T07:16:45,0.7,42.6,14.3,44.0,2.5,0.0,34.0,0.0,41.0
2026-06-01T07:17:15,0.0,42.6,14.3,44.0,2.5,0.0,32.0,0.0,39.0
2026-06-01T07:17:45,0.0,42.5,14.3,44.0,2.5,0.0,31.0,0.0,37.0
2026-06-01T07:18:15,0.0,42.2,14.3,44.0,2.5,0.0,30.0,0.0,36.0
2026-06-01T07:18:45,2.2,42.5,14.3,44.0,2.5,0.0,38.0,0.0,45.0
2026-06-01T07:19:16,0.0,42.5,14.3,44.0,2.5,0.0,32.0,0.0,39.0
2026-06-01T07:19:46,0.0,42.5,14.3,44.0,2.5,0.0,31.0,0.0,37.0
2026-06-01T07:20:16,0.0,42.2,14.3,44.0,2.5,0.0,30.0,0.0,36.0
2026-06-01T07:20:46,3.0,53.8,14.3,44.0,2.6,0.0,40.0,0.0,48.0
2026-06-01T07:21:16,0.0,42.2,14.3,44.0,2.6,0.0,34.0,0.0,40.0
2026-06-01T07:21:46,0.0,42.2,14.3,44.0,2.6,0.0,32.0,0.0,39.0
2026-06-01T07:22:16,0.0,42.2,14.3,44.0,2.6,0.0,31.0,0.0,37.0
2026-06-01T07:22:46,0.0,42.0,14.3,44.0,2.6,0.0,30.0,0.0,36.0
2026-06-01T07:23:16,2.3,42.1,14.3,44.0,2.6,0.0,35.0,0.0,42.0
2026-06-01T07:23:46,0.0,42.1,14.3,44.0,2.6,0.0,32.0,0.0,39.0
2026-06-01T07:24:16,0.0,42.2,14.3,44.0,2.6,0.0,31.0,0.0,37.0
2026-06-01T07:24:46,0.0,42.0,14.3,44.0,2.6,0.0,30.0,0.0,37.0
2026-06-01T07:25:17,3.1,49.8,14.3,44.0,2.6,0.0,39.0,0.0,46.0
2026-06-01T07:25:47,0.0,42.0,14.3,44.0,2.6,0.0,34.0,0.0,40.0
2026-06-01T07:26:17,0.0,42.0,14.3,44.0,2.6,0.0,32.0,0.0,38.0
2026-06-01T07:26:47,0.0,42.1,14.3,44.0,2.7,0.0,31.0,0.0,37.0
2026-06-01T07:27:17,0.6,51.4,14.3,44.0,2.7,54.0,39.0,42.0,48.0
2026-06-01T07:27:47,2.1,42.1,14.3,44.0,2.7,0.0,35.0,0.0,42.0
2026-06-01T07:28:17,0.0,42.2,14.3,44.0,2.7,0.0,32.0,0.0,39.0
2026-06-01T07:28:47,0.0,42.2,14.3,44.0,2.7,0.0,31.0,0.0,38.0
2026-06-01T07:29:17,0.0,42.2,14.4,44.0,2.7,0.0,30.0,0.0,37.0
2026-06-01T07:29:47,2.6,44.5,14.3,44.0,2.7,0.0,38.0,0.0,46.0
2026-06-01T07:30:17,0.0,42.0,14.3,44.0,2.7,0.0,33.0,0.0,40.0
2026-06-01T07:30:47,0.0,42.2,14.3,44.0,2.7,0.0,31.0,0.0,38.0
2026-06-01T07:31:17,0.0,42.2,14.3,44.0,2.7,0.0,31.0,0.0,37.0
2026-06-01T07:31:48,1.2,58.5,14.4,44.0,2.7,0.0,36.0,0.0,44.0
2026-06-01T07:32:18,1.9,42.0,14.3,44.0,2.7,0.0,35.0,0.0,41.0
2026-06-01T07:32:48,0.0,42.2,14.3,44.0,2.8,0.0,33.0,0.0,39.0
2026-06-01T07:33:18,0.0,42.2,14.4,44.0,2.8,0.0,31.0,0.0,38.0
2026-06-01T07:33:48,0.0,42.0,14.4,44.0,2.8,0.0,30.0,0.0,37.0
2026-06-01T07:34:18,2.4,42.0,14.3,44.0,2.8,0.0,38.0,0.0,45.0
2026-06-01T07:34:48,0.0,42.0,14.3,44.0,2.8,0.0,33.0,0.0,39.0
2026-06-01T07:35:18,0.0,42.2,14.3,44.0,2.8,0.0,31.0,0.0,38.0
2026-06-01T07:35:48,0.0,42.0,14.3,44.0,2.8,0.0,30.0,0.0,37.0
2026-06-01T07:36:18,1.8,56.8,14.5,44.0,2.8,47.0,42.0,42.0,51.0
2026-06-01T07:36:48,0.7,42.0,14.3,44.0,2.8,0.0,34.0,0.0,40.0
2026-06-01T07:37:18,0.0,42.1,14.4,44.0,2.8,0.0,32.0,0.0,38.0
2026-06-01T07:37:48,0.0,42.0,14.3,44.0,2.8,0.0,31.0,0.0,37.0
2026-06-01T07:38:19,0.0,41.9,14.3,44.0,2.8,0.0,30.0,0.0,36.0
2026-06-01T07:38:49,2.9,41.8,14.3,44.0,2.9,0.0,38.0,0.0,46.0
2026-06-01T07:39:19,0.0,41.9,14.3,44.0,2.9,0.0,33.0,0.0,39.0
2026-06-01T07:39:49,0.0,42.0,14.4,44.0,2.9,0.0,31.0,0.0,38.0
2026-06-01T07:40:19,0.0,41.8,14.4,44.0,2.9,0.0,30.0,0.0,37.0
2026-06-01T07:40:49,2.1,51.6,14.4,44.0,2.9,0.0,38.0,0.0,46.0
2026-06-01T07:41:19,0.0,41.9,14.4,44.0,2.9,0.0,33.0,0.0,39.0
2026-06-01T07:41:49,0.0,41.9,14.3,44.0,2.9,0.0,31.0,0.0,38.0
2026-06-01T07:42:19,0.0,41.8,14.3,44.0,2.9,0.0,30.0,0.0,37.0
2026-06-01T07:42:49,0.2,50.9,14.3,44.0,2.9,0.0,30.0,0.0,36.0
2026-06-01T07:43:19,2.6,41.5,14.3,44.0,2.9,0.0,36.0,0.0,42.0
2026-06-01T07:43:49,0.0,41.6,14.3,44.0,2.9,0.0,32.0,0.0,39.0
2026-06-01T07:44:19,0.0,41.6,14.3,44.0,2.9,0.0,31.0,0.0,37.0
2026-06-01T07:44:50,0.0,41.5,14.3,44.0,3.0,0.0,30.0,0.0,36.0
2026-06-01T07:45:20,2.8,47.5,14.3,44.0,3.0,0.0,38.0,0.0,46.0
2026-06-01T07:45:50,0.0,41.5,14.3,44.0,3.0,0.0,33.0,0.0,40.0
2026-06-01T07:46:20,0.0,41.6,14.3,44.0,3.0,0.0,31.0,0.0,38.0
2026-06-01T07:46:50,0.0,41.6,14.3,44.0,3.0,0.0,30.0,0.0,37.0
2026-06-01T07:47:20,0.7,52.2,14.3,44.0,3.0,46.0,40.0,43.0,49.0
2026-06-01T07:47:50,1.9,41.9,14.3,44.0,3.0,0.0,34.0,0.0,41.0
2026-06-01T07:48:20,0.0,41.8,14.3,44.0,3.0,0.0,32.0,0.0,38.0
2026-06-01T07:48:50,0.0,41.8,14.3,44.0,3.0,0.0,31.0,0.0,37.0
2026-06-01T07:49:20,0.0,41.5,14.3,44.0,3.0,0.0,30.0,0.0,36.0
2026-06-01T07:49:50,2.5,42.5,14.3,44.0,3.0,0.0,37.0,0.0,45.0
2026-06-01T07:50:20,0.0,41.5,14.3,44.0,3.0,0.0,32.0,0.0,39.0
2026-06-01T07:50:50,0.0,41.6,14.3,44.0,3.1,0.0,31.0,0.0,37.0
2026-06-01T07:51:21,0.0,41.5,14.3,44.0,3.1,0.0,30.0,0.0,36.0
2026-06-01T07:51:51,1.5,58.0,14.3,44.0,3.1,41.0,39.0,33.0,52.0
2026-06-01T07:52:21,1.5,41.6,14.3,44.0,3.1,0.0,34.0,0.0,40.0
2026-06-01T07:52:51,0.0,41.6,14.3,44.0,3.1,0.0,32.0,0.0,38.0
2026-06-01T07:53:21,0.0,41.8,14.3,44.0,3.1,0.0,31.0,0.0,37.0
2026-06-01T07:53:51,0.0,41.5,14.3,44.0,3.1,0.0,30.0,0.0,36.0
2026-06-01T07:54:21,2.7,41.5,14.3,44.0,3.1,0.0,38.0,0.0,45.0
2026-06-01T07:54:51,0.0,41.5,14.3,44.0,3.1,0.0,33.0,0.0,39.0
2026-06-01T07:55:21,0.0,41.5,14.3,44.0,3.1,0.0,31.0,0.0,38.0
2026-06-01T07:55:51,0.0,41.5,14.4,44.0,3.1,0.0,30.0,0.0,36.0
2026-06-01T07:56:21,1.9,53.0,14.4,44.0,3.1,44.0,42.0,39.0,50.0
2026-06-01T07:56:51,1.1,41.5,14.3,44.0,3.2,0.0,34.0,0.0,41.0
2026-06-01T07:57:21,0.0,41.5,14.3,44.0,3.2,0.0,32.0,0.0,38.0
2026-06-01T07:57:52,0.0,41.5,14.3,44.0,3.2,0.0,31.0,0.0,37.0
2026-06-01T07:58:22,0.1,41.5,14.4,44.0,3.2,0.0,30.0,0.0,36.0
2026-06-01T07:58:52,2.9,41.5,14.4,44.0,3.2,0.0,38.0,0.0,46.0
2026-06-01T07:59:22,0.0,41.5,14.3,44.0,3.2,0.0,33.0,0.0,39.0
2026-06-01T07:59:52,0.0,41.5,14.4,44.0,3.2,0.0,31.0,0.0,38.0
2026-06-01T08:00:22,0.0,41.5,14.4,44.0,3.2,0.0,30.0,0.0,37.0
2026-06-01T08:00:52,2.1,53.5,14.4,44.0,3.2,44.0,43.0,43.0,51.0
2026-06-01T08:01:22,0.9,41.5,14.4,44.0,3.2,0.0,34.0,0.0,40.0
2026-06-01T08:01:53,0.0,41.5,14.4,44.0,3.2,0.0,32.0,0.0,38.0
2026-06-01T08:02:23,0.0,41.6,14.4,44.0,3.2,0.0,31.0,0.0,37.0
2026-06-01T08:02:53,0.0,41.5,14.4,44.0,3.3,0.0,30.0,0.0,36.0
2026-06-01T08:03:23,3.0,41.8,14.3,44.0,3.3,0.0,38.0,0.0,46.0
2026-06-01T08:03:53,0.0,41.9,14.3,44.0,3.3,0.0,33.0,0.0,39.0
2026-06-01T08:04:23,0.0,41.8,14.3,44.0,3.3,0.0,31.0,0.0,38.0
2026-06-01T08:04:53,0.0,41.8,14.3,44.0,3.3,0.0,30.0,0.0,37.0
2026-06-01T08:05:23,2.0,51.9,14.4,44.0,3.3,0.0,38.0,0.0,46.0
2026-06-01T08:05:53,0.0,41.6,14.4,44.0,3.3,0.0,33.0,0.0,39.0
2026-06-01T08:06:23,0.0,41.6,14.3,44.0,3.3,0.0,31.0,0.0,38.0
2026-06-01T08:06:53,0.0,41.5,14.3,44.0,3.3,0.0,30.0,0.0,36.0
2026-06-01T08:07:23,0.1,52.0,14.4,44.0,3.3,0.0,29.0,0.0,36.0
2026-06-01T08:07:54,2.1,41.4,14.3,44.0,3.3,0.0,34.0,0.0,41.0
2026-06-01T08:08:24,0.0,41.4,14.4,44.0,3.3,0.0,31.0,0.0,38.0
2026-06-01T08:08:54,0.0,41.2,14.4,44.0,3.4,0.0,30.0,0.0,37.0
2026-06-01T08:09:24,0.0,41.4,14.4,44.0,3.4,0.0,29.0,0.0,36.0
2026-06-01T08:09:54,3.0,46.4,14.4,44.0,3.4,0.0,38.0,0.0,45.0
2026-06-01T08:10:24,0.0,41.4,14.4,44.0,3.4,0.0,33.0,0.0,39.0
2026-06-01T08:10:54,1.5,57.1,14.6,44.0,3.4,0.0,31.0,0.0,38.0
2026-06-01T08:11:24,0.0,41.2,14.4,44.0,3.4,0.0,30.0,0.0,36.0
2026-06-01T08:11:54,0.8,52.2,14.4,44.0,3.4,52.0,40.0,42.0,48.0
2026-06-01T08:12:24,2.1,41.2,14.4,44.0,3.4,0.0,34.0,0.0,41.0
2026-06-01T08:12:54,0.0,41.2,14.4,44.0,3.4,0.0,32.0,0.0,38.0
2026-06-01T08:13:24,0.0,41.4,14.4,44.0,3.4,0.0,30.0,0.0,37.0
2026-06-01T08:13:54,0.0,41.2,14.4,44.0,3.4,0.0,30.0,0.0,36.0
2026-06-01T08:14:25,2.9,45.9,14.4,44.0,3.4,0.0,38.0,0.0,45.0
2026-06-01T08:14:55,0.0,41.4,14.4,44.0,3.5,0.0,33.0,0.0,39.0
2026-06-01T08:15:25,0.0,41.5,14.4,44.0,3.5,0.0,31.0,0.0,38.0
2026-06-01T08:15:55,0.0,41.6,14.4,44.0,3.5,0.0,30.0,0.0,36.0
2026-06-01T08:16:25,1.1,52.4,14.3,44.0,3.5,51.0,41.0,42.0,50.0
2026-06-01T08:16:55,1.8,41.5,14.3,44.0,3.5,0.0,34.0,0.0,41.0
2026-06-01T08:17:25,0.0,41.6,14.3,44.0,3.5,0.0,32.0,0.0,38.0
2026-06-01T08:17:55,0.0,41.5,14.3,44.0,3.5,0.0,30.0,0.0,37.0
2026-06-01T08:18:25,0.0,41.4,14.3,44.0,3.5,0.0,30.0,0.0,36.0
2026-06-01T08:18:55,2.9,42.9,14.3,44.0,3.5,0.0,38.0,0.0,45.0
2026-06-01T08:19:25,0.0,41.4,14.3,44.0,3.5,0.0,33.0,0.0,39.0
2026-06-01T08:19:55,0.0,41.4,14.4,44.0,3.5,0.0,31.0,0.0,38.0
2026-06-01T08:20:25,0.0,41.4,14.3,44.0,3.5,0.0,30.0,0.0,36.0
2026-06-01T08:20:56,1.1,60.9,14.5,44.0,3.6,0.0,36.0,0.0,44.0
2026-06-01T08:21:26,1.4,41.2,14.4,44.0,3.6,0.0,34.0,0.0,40.0
2026-06-01T08:21:56,0.0,41.2,14.4,44.0,3.6,0.0,31.0,0.0,38.0
2026-06-01T08:22:26,0.0,41.2,14.4,44.0,3.6,0.0,30.0,0.0,37.0
2026-06-01T08:22:56,0.0,41.1,14.4,44.0,3.6,0.0,29.0,0.0,36.0
2026-06-01T08:23:26,2.0,41.0,14.4,44.0,3.6,0.0,37.0,0.0,44.0
2026-06-01T08:23:56,0.0,41.1,14.4,44.0,3.6,0.0,31.0,0.0,38.0
2026-06-01T08:24:26,0.0,41.1,14.4,44.0,3.6,0.0,30.0,0.0,37.0
2026-06-01T08:24:56,0.0,41.0,14.4,44.0,3.6,0.0,29.0,0.0,36.0
2026-06-01T08:25:26,2.4,53.8,14.4,44.0,3.6,48.0,43.0,47.0,52.0
2026-06-01T08:25:56,0.6,41.2,14.3,44.0,3.6,0.0,33.0,0.0,40.0
2026-06-01T08:26:26,0.0,41.2,14.3,44.0,3.6,0.0,31.0,0.0,38.0
2026-06-01T08:26:56,0.0,41.2,14.3,44.0,3.7,0.0,30.0,0.0,37.0
2026-06-01T08:27:27,0.0,41.1,14.3,44.0,3.7,0.0,29.0,0.0,36.0
2026-06-01T08:27:57,2.9,41.1,14.4,44.0,3.7,0.0,38.0,0.0,45.0
2026-06-01T08:28:27,0.0,41.4,14.3,44.0,3.7,0.0,32.0,0.0,39.0
2026-06-01T08:28:57,0.0,41.2,14.3,44.0,3.7,0.0,31.0,0.0,37.0
2026-06-01T08:29:27,0.0,41.2,14.3,44.0,3.7,0.0,30.0,0.0,36.0
2026-06-01T08:29:57,2.4,53.5,14.4,44.0,3.7,0.0,39.0,0.0,47.0
2026-06-01T08:30:27,0.0,41.0,14.4,44.0,3.7,0.0,33.0,0.0,39.0
2026-06-01T08:30:57,0.0,41.1,14.4,44.0,3.7,0.0,31.0,0.0,38.0
2026-06-01T08:31:27,0.0,41.2,14.4,44.0,3.7,0.0,30.0,0.0,36.0
2026-06-01T08:31:57,0.0,41.0,14.4,44.0,3.7,0.0,29.0,0.0,35.0
2026-06-01T08:32:27,2.9,41.1,14.4,44.0,3.7,0.0,38.0,0.0,45.0
2026-06-01T08:32:57,0.0,41.4,14.3,44.0,3.8,0.0,32.0,0.0,38.0
2026-06-01T08:33:27,0.0,41.4,14.4,44.0,3.8,0.0,31.0,0.0,37.0
2026-06-01T08:33:58,0.0,41.0,14.4,44.0,3.8,0.0,30.0,0.0,36.0
2026-06-01T08:34:28,2.9,53.8,14.4,44.0,3.8,0.0,39.0,0.0,47.0
2026-06-01T08:34:58,0.1,41.2,14.4,44.0,3.8,0.0,33.0,0.0,40.0
2026-06-01T08:35:28,0.0,41.2,14.4,44.0,3.8,0.0,31.0,0.0,38.0
2026-06-01T08:35:58,0.0,41.2,14.4,44.0,3.8,0.0,30.0,0.0,36.0
2026-06-01T08:36:28,0.1,52.0,14.3,44.0,3.8,0.0,29.0,0.0,36.0
2026-06-01T08:36:58,2.8,41.0,14.4,44.0,3.8,0.0,35.0,0.0,45.0
2026-06-01T08:37:28,0.0,41.1,14.4,44.0,3.8,0.0,32.0,0.0,38.0
2026-06-01T08:37:58,0.0,41.1,14.4,44.0,3.8,0.0,30.0,0.0,37.0
2026-06-01T08:38:28,0.0,41.0,14.4,44.0,3.8,0.0,29.0,0.0,36.0
2026-06-01T08:38:58,2.7,50.8,14.4,44.0,3.9,0.0,37.0,0.0,45.0
2026-06-01T08:39:28,0.0,41.1,14.3,44.0,3.9,0.0,33.0,0.0,39.0
2026-06-01T08:39:58,0.0,41.2,14.3,44.0,3.9,0.0,31.0,0.0,37.0
2026-06-01T08:40:29,0.0,41.2,14.3,44.0,3.9,0.0,30.0,0.0,36.0
2026-06-01T08:40:59,0.5,50.2,14.3,44.0,3.9,18.0,40.0,81.0,45.0
2026-06-01T08:41:29,1.9,41.2,14.4,44.0,3.9,0.0,34.0,0.0,40.0
2026-06-01T08:41:59,0.0,41.2,14.4,44.0,3.9,0.0,31.0,0.0,38.0
2026-06-01T08:42:29,0.0,41.2,14.4,44.0,3.9,0.0,30.0,0.0,36.0
2026-06-01T08:42:59,0.0,41.0,14.3,44.0,3.9,0.0,29.0,0.0,36.0
2026-06-01T08:43:29,2.9,43.9,14.3,44.0,3.9,0.0,37.0,0.0,45.0
2026-06-01T08:43:59,0.0,41.1,14.4,44.0,3.9,0.0,32.0,0.0,39.0
2026-06-01T08:44:29,0.0,41.2,14.4,44.0,3.9,0.0,31.0,0.0,37.0
2026-06-01T08:44:59,0.0,41.2,14.4,44.0,4.0,0.0,30.0,0.0,36.0
2026-06-01T08:45:29,1.1,51.9,14.4,44.0,4.0,0.0,36.0,0.0,44.0
2026-06-01T08:45:59,1.9,41.2,14.3,44.0,4.0,0.0,34.0,0.0,41.0
2026-06-01T08:46:29,0.0,41.2,14.3,44.0,4.0,0.0,31.0,0.0,38.0
2026-06-01T08:47:00,0.0,41.2,14.3,44.0,4.0,0.0,30.0,0.0,37.0
2026-06-01T08:47:30,0.0,41.2,14.3,44.0,4.0,0.0,29.0,0.0,36.0
2026-06-01T08:48:00,3.1,43.8,14.4,44.0,4.0,0.0,38.0,0.0,45.0
2026-06-01T08:48:30,0.0,41.2,14.4,44.0,4.0,0.0,33.0,0.0,39.0
2026-06-01T08:49:00,0.0,41.4,14.4,44.0,4.0,0.0,31.0,0.0,38.0
2026-06-01T08:49:30,0.0,41.2,14.4,44.0,4.0,0.0,30.0,0.0,36.0
2026-06-01T08:50:00,1.1,51.6,14.4,44.0,4.0,0.0,36.0,0.0,44.0
2026-06-01T08:50:30,1.1,41.4,14.3,44.0,4.0,0.0,33.0,0.0,39.0
2026-06-01T08:51:00,0.0,41.4,14.3,44.0,4.1,0.0,31.0,0.0,37.0
2026-06-01T08:51:30,0.0,41.2,14.3,44.0,4.1,0.0,30.0,0.0,36.0
2026-06-01T08:52:00,0.0,41.1,14.3,44.0,4.1,0.0,29.0,0.0,35.0
2026-06-01T08:52:30,2.4,41.0,14.3,44.0,4.1,0.0,37.0,0.0,44.0
2026-06-01T08:53:00,0.0,41.1,14.3,44.0,4.1,0.0,32.0,0.0,38.0
2026-06-01T08:53:31,0.0,41.0,14.3,44.0,4.1,0.0,30.0,0.0,37.0
2026-06-01T08:54:01,0.0,41.1,14.3,44.0,4.1,0.0,29.0,0.0,36.0
2026-06-01T08:54:31,2.5,54.5,14.4,44.0,4.1,47.0,43.0,47.0,51.0
2026-06-01T08:55:01,0.4,41.0,14.4,44.0,4.1,0.0,33.0,0.0,40.0
2026-06-01T08:55:31,0.0,41.0,14.4,44.0,4.1,0.0,31.0,0.0,37.0
2026-06-01T08:56:01,0.0,41.0,14.4,44.0,4.1,0.0,30.0,0.0,36.0
2026-06-01T08:56:31,0.0,41.0,14.4,44.0,4.1,0.0,29.0,0.0,35.0
2026-06-01T08:57:01,2.4,41.0,14.4,44.0,4.2,0.0,37.0,0.0,45.0
2026-06-01T08:57:31,0.0,41.0,14.3,44.0,4.2,0.0,31.0,0.0,38.0
2026-06-01T08:58:01,0.0,41.1,14.3,44.0,4.2,0.0,30.0,0.0,36.0
2026-06-01T08:58:31,0.0,41.0,14.3,44.0,4.2,0.0,29.0,0.0,35.0
2026-06-01T08:59:01,2.9,50.2,14.4,44.0,4.2,0.0,38.0,0.0,46.0
2026-06-01T08:59:32,0.0,40.9,14.4,44.0,4.2,0.0,33.0,0.0,39.0
2026-06-01T09:00:02,0.0,41.0,14.4,44.0,4.2,0.0,31.0,0.0,37.0
2026-06-01T09:00:32,0.0,41.0,14.4,44.0,4.2,0.0,30.0,0.0,36.0
2026-06-01T09:01:02,0.2,51.4,14.3,44.0,4.2,10.0,36.0,73.0,38.0
2026-06-01T09:01:32,2.7,41.0,14.4,44.0,4.2,0.0,35.0,0.0,43.0
2026-06-01T09:02:02,0.0,41.1,14.4,44.0,4.2,0.0,32.0,0.0,38.0
2026-06-01T09:02:32,0.0,41.2,14.3,44.0,4.2,0.0,30.0,0.0,37.0
2026-06-01T09:03:02,0.0,41.2,14.3,44.0,4.3,0.0,29.0,0.0,36.0
2026-06-01T09:03:33,2.0,44.6,14.4,44.0,4.3,0.0,36.0,0.0,44.0
2026-06-01T09:04:03,0.0,41.0,14.4,44.0,4.3,0.0,32.0,0.0,38.0
2026-06-01T09:04:33,0.0,41.0,14.3,44.0,4.3,0.0,30.0,0.0,37.0
2026-06-01T09:05:03,0.0,41.0,14.4,44.0,4.3,0.0,29.0,0.0,36.0
2026-06-01T09:05:33,1.1,58.9,14.5,44.0,4.3,0.0,35.0,0.0,43.0
2026-06-01T09:06:03,1.3,40.9,14.4,44.0,4.3,0.0,33.0,0.0,39.0
2026-06-01T09:06:33,0.0,41.0,14.4,44.0,4.3,0.0,31.0,0.0,37.0
2026-06-01T09:07:03,0.0,41.0,14.4,44.0,4.3,0.0,30.0,0.0,36.0
2026-06-01T09:07:33,0.0,40.8,14.4,44.0,4.3,0.0,29.0,0.0,35.0
2026-06-01T09:08:03,2.4,40.8,14.4,44.0,4.3,0.0,36.0,0.0,44.0
2026-06-01T09:08:33,0.0,40.9,14.4,44.0,4.4,0.0,31.0,0.0,38.0
2026-06-01T09:09:03,0.0,40.8,14.4,44.0,4.4,0.0,30.0,0.0,36.0
2026-06-01T09:09:33,0.0,40.8,14.4,44.0,4.4,0.0,29.0,0.0,35.0
2026-06-01T09:10:04,2.2,54.4,14.4,44.0,4.4,48.0,42.0,44.0,50.0
2026-06-01T09:10:34,0.1,40.6,14.4,44.0,4.4,0.0,32.0,0.0,38.0
2026-06-01T09:11:04,0.0,40.8,14.4,44.0,4.4,0.0,30.0,0.0,37.0
2026-06-01T09:11:34,0.0,40.8,14.4,44.0,4.4,0.0,29.0,0.0,36.0
2026-06-01T09:12:04,0.0,40.6,14.4,44.0,4.4,0.0,29.0,0.0,35.0
2026-06-01T09:12:34,2.3,40.5,14.4,44.0,4.4,0.0,34.0,0.0,44.0
2026-06-01T09:13:04,0.0,40.8,14.4,44.0,4.4,0.0,31.0,0.0,37.0
2026-06-01T09:13:34,0.0,40.8,14.4,44.0,4.4,0.0,30.0,0.0,36.0
2026-06-01T09:14:04,0.0,40.5,14.4,44.0,4.4,0.0,29.0,0.0,35.0
2026-06-01T09:14:34,2.5,43.6,14.4,44.0,4.5,0.0,36.0,0.0,44.0
2026-06-01T09:15:04,0.0,40.5,14.4,44.0,4.5,0.0,32.0,0.0,38.0
2026-06-01T09:15:34,0.0,40.8,14.4,44.0,4.5,0.0,30.0,0.0,37.0
2026-06-01T09:16:04,0.0,40.5,14.4,44.0,4.5,0.0,29.0,0.0,36.0
2026-06-01T09:16:35,1.0,57.6,14.3,44.0,4.5,52.0,39.0,50.0,48.0
2026-06-01T09:17:05,1.9,40.8,14.4,44.0,4.5,0.0,34.0,0.0,41.0
2026-06-01T09:17:35,0.0,40.8,14.4,44.0,4.5,0.0,31.0,0.0,38.0
2026-06-01T09:18:05,0.0,40.8,14.4,44.0,4.5,0.0,30.0,0.0,36.0
2026-06-01T09:18:35,0.0,40.8,14.4,44.0,4.5,0.0,29.0,0.0,35.0
2026-06-01T09:19:05,2.9,44.0,14.4,44.0,4.5,0.0,37.0,0.0,45.0
2026-06-01T09:19:35,0.0,41.0,14.4,44.0,4.5,0.0,32.0,0.0,39.0
2026-06-01T09:20:05,0.0,41.0,14.4,44.0,4.5,0.0,31.0,0.0,37.0
2026-06-01T09:20:35,0.0,41.0,14.4,44.0,4.6,0.0,30.0,0.0,36.0
2026-06-01T09:21:05,1.2,53.2,14.6,44.0,4.6,0.0,36.0,0.0,44.0
2026-06-01T09:21:35,1.9,40.8,14.4,44.0,4.6,0.0,34.0,0.0,41.0
2026-06-01T09:22:05,0.0,41.1,14.4,44.0,4.6,0.0,31.0,0.0,38.0
2026-06-01T09:22:35,0.0,41.1,14.4,44.0,4.6,0.0,30.0,0.0,37.0
2026-06-01T09:23:06,0.0,41.0,14.4,44.0,4.6,0.0,29.0,0.0,36.0
2026-06-01T09:23:36,2.8,43.5,14.5,44.0,4.6,0.0,37.0,0.0,45.0
2026-06-01T09:24:06,0.0,41.0,14.5,44.0,4.6,0.0,32.0,0.0,39.0
2026-06-01T09:24:36,0.0,41.0,14.5,44.0,4.6,0.0,31.0,0.0,37.0
2026-06-01T09:25:06,0.0,41.1,14.5,44.0,4.6,0.0,30.0,0.0,36.0
2026-06-01T09:25:36,1.1,49.9,14.6,44.0,4.6,0.0,35.0,0.0,43.0
2026-06-01T09:26:06,1.3,41.0,14.5,44.0,4.6,0.0,33.0,0.0,40.0
2026-06-01T09:26:36,0.0,41.1,14.5,44.0,4.7,0.0,31.0,0.0,37.0
2026-06-01T09:27:06,0.0,41.1,14.5,44.0,4.7,0.0,30.0,0.0,36.0
2026-06-01T09:27:36,0.0,41.0,14.5,44.0,4.7,0.0,29.0,0.0,35.0
2026-06-01T09:28:06,3.0,41.0,14.5,44.0,4.7,0.0,37.0,0.0,45.0
2026-06-01T09:28:36,0.0,41.0,14.4,44.0,4.7,0.0,32.0,0.0,39.0
2026-06-01T09:29:06,0.0,41.0,14.4,44.0,4.7,0.0,30.0,0.0,37.0
2026-06-01T09:29:37,0.0,40.9,14.4,44.0,4.7,0.0,29.0,0.0,36.0
2026-06-01T09:30:07,1.5,54.5,14.5,44.0,4.7,100.0,43.0,0.0,47.0
2026-06-01T09:30:37,0.9,40.8,14.4,44.0,4.7,0.0,33.0,0.0,39.0
2026-06-01T09:31:07,0.0,40.9,14.4,44.0,4.7,0.0,31.0,0.0,37.0
2026-06-01T09:31:37,0.0,40.9,14.4,44.0,4.7,0.0,30.0,0.0,36.0
2026-06-01T09:32:07,0.0,40.8,14.4,44.0,4.7,0.0,29.0,0.0,35.0
2026-06-01T09:32:37,2.4,40.8,14.4,44.0,4.8,0.0,36.0,0.0,44.0
2026-06-01T09:33:07,0.0,40.9,14.4,44.0,4.8,0.0,31.0,0.0,38.0
2026-06-01T09:33:37,0.0,40.9,14.4,44.0,4.8,0.0,30.0,0.0,36.0
2026-06-01T09:34:07,0.0,40.9,14.4,44.0,4.8,0.0,29.0,0.0,35.0
2026-06-01T09:34:37,2.8,54.2,14.4,44.0,4.8,47.0,43.0,42.0,51.0
2026-06-01T09:35:07,0.2,40.8,14.3,44.0,4.8,0.0,33.0,0.0,39.0
2026-06-01T09:35:38,0.0,41.0,14.3,44.0,4.8,0.0,31.0,0.0,37.0
2026-06-01T09:36:08,0.0,41.1,14.3,44.0,4.8,0.0,30.0,0.0,36.0
2026-06-01T09:36:38,0.0,41.0,14.4,44.0,4.8,0.0,29.0,0.0,35.0
2026-06-01T09:37:08,2.9,40.9,14.4,44.0,4.8,0.0,37.0,0.0,45.0
2026-06-01T09:37:38,0.0,41.0,14.4,44.0,4.8,0.0,32.0,0.0,38.0
2026-06-01T09:38:08,0.0,41.0,14.4,44.0,4.8,0.0,30.0,0.0,37.0
2026-06-01T09:38:38,0.0,41.1,14.4,44.0,4.9,0.0,29.0,0.0,36.0
2026-06-01T09:39:08,3.0,53.5,14.4,44.0,4.9,0.0,40.0,0.0,48.0
2026-06-01T09:39:38,0.0,41.0,14.3,44.0,4.9,0.0,33.0,0.0,39.0
2026-06-01T09:40:08,0.0,41.1,14.3,44.0,4.9,0.0,31.0,0.0,38.0
2026-06-01T09:40:38,0.0,41.0,14.3,44.0,4.9,0.0,30.0,0.0,36.0
2026-06-01T09:41:08,0.0,40.9,14.3,44.0,4.9,0.0,29.0,0.0,35.0
2026-06-01T09:41:38,2.9,41.0,14.3,44.0,4.9,0.0,37.0,0.0,45.0
2026-06-01T09:42:08,0.0,41.1,14.4,44.0,4.9,0.0,32.0,0.0,38.0
2026-06-01T09:42:39,0.0,41.2,14.3,44.0,4.9,0.0,30.0,0.0,37.0
2026-06-01T09:43:09,0.0,41.0,14.3,44.0,4.9,0.0,29.0,0.0,36.0
2026-06-01T09:43:39,3.0,51.2,14.4,44.0,4.9,0.0,39.0,0.0,47.0
2026-06-01T09:44:09,0.0,41.0,14.3,44.0,4.9,0.0,33.0,0.0,39.0
2026-06-01T09:44:39,0.0,41.0,14.4,44.0,5.0,0.0,31.0,0.0,38.0
2026-06-01T09:45:09,0.0,41.0,14.4,44.0,5.0,0.0,30.0,0.0,36.0
2026-06-01T09:45:39,0.0,40.8,14.3,44.0,5.0,0.0,29.0,0.0,35.0
2026-06-01T09:46:09,3.0,40.8,14.3,44.0,5.0,0.0,37.0,0.0,45.0
2026-06-01T09:46:39,0.0,41.0,14.3,44.0,5.0,0.0,32.0,0.0,39.0
2026-06-01T09:47:09,0.0,41.0,14.3,44.0,5.0,0.0,30.0,0.0,37.0
2026-06-01T09:47:39,0.0,41.0,14.3,44.0,5.0,0.0,29.0,0.0,36.0
2026-06-01T09:48:09,2.0,52.8,14.4,44.0,5.0,55.0,41.0,51.0,51.0
2026-06-01T09:48:39,0.4,40.9,14.4,44.0,5.0,0.0,32.0,0.0,39.0
2026-06-01T09:49:10,0.0,41.0,14.4,44.0,5.0,0.0,31.0,0.0,37.0
2026-06-01T09:49:40,0.0,41.0,14.4,44.0,5.0,0.0,29.0,0.0,36.0
2026-06-01T09:50:10,0.0,40.8,14.4,44.0,5.0,0.0,29.0,0.0,35.0
2026-06-01T09:50:40,3.0,40.8,14.3,44.0,5.1,0.0,37.0,0.0,45.0
2026-06-01T09:51:10,0.0,40.8,14.3,44.0,5.1,0.0,32.0,0.0,38.0
2026-06-01T09:51:40,0.0,40.8,14.3,44.0,5.1,0.0,30.0,0.0,37.0
2026-06-01T09:52:10,0.0,40.9,14.3,44.0,5.1,0.0,29.0,0.0,36.0
2026-06-01T09:52:40,2.7,54.8,14.5,44.0,5.1,54.0,42.0,49.0,51.0
2026-06-01T09:53:10,0.3,41.0,14.4,44.0,5.1,0.0,33.0,0.0,39.0
2026-06-01T09:53:40,0.0,41.0,14.4,44.0,5.1,0.0,31.0,0.0,38.0
2026-06-01T09:54:10,0.0,41.0,14.4,44.0,5.1,0.0,30.0,0.0,36.0
2026-06-01T09:54:40,0.0,40.8,14.4,44.0,5.1,0.0,29.0,0.0,35.0
2026-06-01T09:55:11,2.8,40.8,14.3,44.0,5.1,0.0,37.0,0.0,45.0
2026-06-01T09:55:41,0.0,40.9,14.3,44.0,5.1,0.0,31.0,0.0,38.0
2026-06-01T09:56:11,0.0,40.9,14.3,44.0,5.1,0.0,30.0,0.0,37.0
2026-06-01T09:56:41,0.0,40.8,14.3,44.0,5.2,0.0,29.0,0.0,36.0
2026-06-01T09:57:11,2.8,51.1,14.4,44.0,5.2,0.0,38.0,0.0,46.0
2026-06-01T09:57:41,0.0,40.8,14.4,44.0,5.2,0.0,32.0,0.0,39.0
2026-06-01T09:58:11,0.0,40.9,14.3,44.0,5.2,0.0,31.0,0.0,37.0
2026-06-01T09:58:41,0.0,40.8,14.4,44.0,5.2,0.0,30.0,0.0,36.0
2026-06-01T09:59:11,0.0,40.5,14.4,44.0,5.2,0.0,29.0,0.0,35.0
2026-06-01T09:59:41,2.0,40.8,14.3,44.0,5.2,0.0,33.0,0.0,40.0
2026-06-01T10:00:11,0.0,40.8,14.4,44.0,5.2,0.0,31.0,0.0,37.0
2026-06-01T10:00:41,0.0,40.8,14.4,44.0,5.2,0.0,29.0,0.0,36.0
2026-06-01T10:01:11,0.0,40.8,14.4,44.0,5.2,0.0,29.0,0.0,35.0
2026-06-01T10:01:42,2.9,49.1,14.3,44.0,5.2,0.0,37.0,0.0,44.0
2026-06-01T10:02:12,0.0,40.6,14.3,44.0,5.2,0.0,32.0,0.0,39.0
2026-06-01T10:02:42,0.0,40.8,14.3,44.0,5.3,0.0,30.0,0.0,37.0
2026-06-01T10:03:12,0.0,40.9,14.3,44.0,5.3,0.0,29.0,0.0,36.0
2026-06-01T10:03:42,1.1,60.2,14.5,44.0,5.3,0.0,35.0,0.0,44.0
2026-06-01T10:04:12,1.3,40.5,14.4,44.0,5.3,0.0,33.0,0.0,39.0
2026-06-01T10:04:42,0.0,40.6,14.4,44.0,5.3,0.0,31.0,0.0,37.0
2026-06-01T10:05:12,0.0,40.6,14.3,44.0,5.3,0.0,29.0,0.0,36.0
2026-06-01T10:05:42,0.0,40.5,14.4,44.0,5.3,0.0,29.0,0.0,35.0
2026-06-01T10:06:12,2.9,40.5,14.3,44.0,5.3,0.0,37.0,0.0,44.0
2026-06-01T10:06:42,0.0,40.5,14.4,44.0,5.3,0.0,32.0,0.0,38.0
2026-06-01T10:07:12,0.0,40.8,14.4,44.0,5.3,0.0,30.0,0.0,37.0
2026-06-01T10:07:42,0.0,40.5,14.4,44.0,5.3,0.0,29.0,0.0,36.0
2026-06-01T10:08:13,1.6,54.0,14.4,44.0,5.3,31.0,40.0,42.0,50.0
2026-06-01T10:08:43,1.0,40.5,14.4,44.0,5.4,0.0,33.0,0.0,39.0
2026-06-01T10:09:13,0.0,40.5,14.4,44.0,5.4,0.0,31.0,0.0,37.0
2026-06-01T10:09:43,0.0,40.5,14.4,44.0,5.4,0.0,29.0,0.0,36.0
2026-06-01T10:10:13,0.0,40.5,14.4,44.0,5.4,0.0,29.0,0.0,35.0
2026-06-01T10:10:43,3.1,40.5,14.3,44.0,5.4,0.0,37.0,0.0,45.0
2026-06-01T10:11:13,0.0,40.6,14.3,44.0,5.4,0.0,32.0,0.0,38.0
2026-06-01T10:11:43,0.0,40.8,14.4,44.0,5.4,0.0,30.0,0.0,37.0
2026-06-01T10:12:13,0.0,40.8,14.4,44.0,5.4,0.0,29.0,0.0,36.0
2026-06-01T10:12:43,2.1,53.6,14.4,44.0,5.4,46.0,41.0,46.0,50.0
2026-06-01T10:13:13,0.2,40.6,14.4,44.0,5.4,0.0,32.0,0.0,39.0
2026-06-01T10:13:43,0.0,40.6,14.4,44.0,5.4,0.0,30.0,0.0,37.0
2026-06-01T10:14:13,0.0,40.5,14.4,44.0,5.4,0.0,29.0,0.0,36.0
2026-06-01T10:14:44,0.0,40.2,14.4,44.0,5.5,0.0,29.0,0.0,35.0
2026-06-01T10:15:14,3.0,40.5,14.3,44.0,5.5,0.0,37.0,0.0,45.0
2026-06-01T10:15:44,0.0,40.5,14.4,44.0,5.5,0.0,31.0,0.0,38.0
2026-06-01T10:16:14,0.0,40.5,14.4,44.0,5.5,0.0,30.0,0.0,37.0
2026-06-01T10:16:44,0.0,40.5,14.4,44.0,5.5,0.0,29.0,0.0,36.0
2026-06-01T10:17:14,2.8,52.4,14.4,44.0,5.5,0.0,39.0,0.0,47.0
2026-06-01T10:17:44,0.0,40.5,14.4,44.0,5.5,0.0,32.0,0.0,39.0
2026-06-01T10:18:14,0.0,40.6,14.4,44.0,5.5,0.0,30.0,0.0,37.0
2026-06-01T10:18:44,0.0,40.5,14.4,44.0,5.5,0.0,29.0,0.0,36.0
2026-06-01T10:19:14,0.0,40.2,14.4,44.0,5.5,0.0,29.0,0.0,35.0
2026-06-01T10:19:44,2.9,40.5,14.4,44.0,5.5,0.0,37.0,0.0,45.0
2026-06-01T10:20:14,0.0,40.5,14.4,44.0,5.5,0.0,31.0,0.0,38.0
2026-06-01T10:20:44,0.0,40.5,14.4,44.0,5.6,0.0,30.0,0.0,36.0
2026-06-01T10:21:15,0.0,40.6,14.4,44.0,5.6,0.0,29.0,0.0,35.0
2026-06-01T10:21:45,1.9,45.5,14.4,44.0,5.6,0.0,35.0,0.0,43.0
2026-06-01T10:22:15,0.0,40.5,14.3,44.0,5.6,0.0,31.0,0.0,38.0
2026-06-01T10:22:45,0.0,40.2,14.3,44.0,5.6,0.0,30.0,0.0,36.0
2026-06-01T10:23:15,0.0,40.2,14.4,44.0,5.6,0.0,29.0,0.0,35.0
2026-06-01T10:23:45,1.0,51.1,14.5,44.0,5.6,53.0,38.0,48.0,48.0
2026-06-01T10:24:15,2.0,40.4,14.3,44.0,5.6,0.0,33.0,0.0,40.0
2026-06-01T10:24:45,0.0,40.4,14.3,44.0,5.6,0.0,31.0,0.0,37.0
2026-06-01T10:25:15,0.0,40.4,14.4,44.0,5.6,0.0,30.0,0.0,36.0
2026-06-01T10:25:45,0.0,40.2,14.3,44.0,5.6,0.0,29.0,0.0,35.0
2026-06-01T10:26:15,2.5,40.8,14.4,44.0,5.6,0.0,36.0,0.0,44.0
2026-06-01T10:26:45,0.0,40.2,14.4,44.0,5.7,0.0,31.0,0.0,38.0
2026-06-01T10:27:15,0.0,40.4,14.4,44.0,5.7,0.0,30.0,0.0,36.0
2026-06-01T10:27:46,0.0,40.5,14.4,44.0,5.7,0.0,29.0,0.0,35.0
2026-06-01T10:28:16,1.3,57.5,14.5,44.0,5.7,100.0,42.0,0.0,45.0
2026-06-01T10:28:46,1.2,40.5,14.4,44.0,5.7,0.0,32.0,0.0,39.0
2026-06-01T10:29:16,0.0,40.5,14.4,44.0,5.7,0.0,30.0,0.0,37.0
2026-06-01T10:29:47,0.0,40.6,14.4,44.0,5.7,0.0,29.0,0.0,36.0
2026-06-01T10:30:17,0.0,40.2,14.4,44.0,5.7,0.0,28.0,0.0,35.0
2026-06-01T10:30:47,3.1,40.5,14.3,44.0,5.7,0.0,37.0,0.0,45.0
2026-06-01T10:31:17,0.0,40.6,14.4,44.0,5.7,0.0,32.0,0.0,38.0
2026-06-01T10:31:47,0.0,40.8,14.3,44.0,5.7,0.0,30.0,0.0,37.0
2026-06-01T10:32:17,0.0,40.8,14.3,44.0,5.7,0.0,29.0,0.0,35.0
2026-06-01T10:32:47,2.0,54.8,14.5,44.0,5.8,47.0,42.0,42.0,50.0
2026-06-01T10:33:17,0.7,40.5,14.4,44.0,5.8,0.0,32.0,0.0,39.0
2026-06-01T10:33:47,0.0,40.5,14.4,44.0,5.8,0.0,30.0,0.0,37.0
2026-06-01T10:34:17,0.0,40.5,14.4,44.0,5.8,0.0,29.0,0.0,36.0
2026-06-01T10:34:47,0.1,40.2,14.4,44.0,5.8,0.0,29.0,0.0,35.0
2026-06-01T10:35:17,2.9,40.2,14.4,44.0,5.8,0.0,37.0,0.0,45.0
2026-06-01T10:35:47,0.0,40.4,14.4,44.0,5.8,0.0,31.0,0.0,38.0
2026-06-01T10:36:18,0.0,40.5,14.4,44.0,5.8,0.0,30.0,0.0,36.0
2026-06-01T10:36:48,0.0,40.5,14.4,44.0,5.8,0.0,29.0,0.0,35.0
2026-06-01T10:37:18,2.6,53.8,14.4,44.0,5.8,51.0,42.0,42.0,51.0
2026-06-01T10:37:48,0.4,40.4,14.4,44.0,5.8,0.0,32.0,0.0,39.0
2026-06-01T10:38:18,0.0,40.5,14.4,44.0,5.8,0.0,30.0,0.0,37.0
2026-06-01T10:38:48,0.0,40.6,14.4,44.0,5.9,0.0,29.0,0.0,36.0
2026-06-01T10:39:18,0.0,40.2,14.4,44.0,5.9,0.0,29.0,0.0,35.0
2026-06-01T10:39:48,2.3,40.5,14.4,44.0,5.9,0.0,35.0,0.0,44.0
2026-06-01T10:40:18,0.0,40.5,14.3,44.0,5.9,0.0,31.0,0.0,37.0
2026-06-01T10:40:48,0.0,40.5,14.3,44.0,5.9,0.0,29.0,0.0,36.0
2026-06-01T10:41:18,0.0,40.2,14.4,44.0,5.9,0.0,29.0,0.0,35.0
2026-06-01T10:41:48,2.7,46.1,14.4,44.0,5.9,0.0,36.0,0.0,44.0
2026-06-01T10:42:18,0.0,40.2,14.3,44.0,5.9,0.0,32.0,0.0,38.0
2026-06-01T10:42:49,0.0,40.4,14.4,44.0,5.9,0.0,30.0,0.0,37.0
2026-06-01T10:43:19,0.0,40.2,14.4,44.0,5.9,0.0,29.0,0.0,35.0
2026-06-01T10:43:49,0.6,50.4,14.4,44.0,5.9,53.0,38.0,39.0,47.0
2026-06-01T10:44:19,2.4,40.4,14.3,44.0,5.9,0.0,34.0,0.0,41.0
2026-06-01T10:44:49,0.0,40.4,14.3,44.0,6.0,0.0,31.0,0.0,38.0
2026-06-01T10:45:19,0.0,40.6,14.4,44.0,6.0,0.0,30.0,0.0,36.0
2026-06-01T10:45:49,0.0,40.2,14.4,44.0,6.0,0.0,29.0,0.0,35.0
2026-06-01T10:46:19,3.0,52.6,14.4,44.0,6.0,0.0,37.0,0.0,45.0
2026-06-01T10:46:49,0.0,40.4,14.4,44.0,6.0,0.0,32.0,0.0,39.0
2026-06-01T10:47:19,0.0,40.5,14.4,44.0,6.0,0.0,30.0,0.0,37.0
2026-06-01T10:47:49,0.0,40.6,14.4,44.0,6.0,0.0,29.0,0.0,36.0
2026-06-01T10:48:19,0.7,51.2,14.4,44.0,6.0,44.0,38.0,50.0,48.0
2026-06-01T10:48:50,1.6,40.5,14.3,44.0,6.0,0.0,33.0,0.0,40.0
2026-06-01T10:49:20,0.0,40.6,14.3,44.0,6.0,0.0,30.0,0.0,37.0
2026-06-01T10:49:50,0.0,40.5,14.4,44.0,6.0,0.0,29.0,0.0,36.0
2026-06-01T10:50:20,0.0,40.2,14.3,44.0,6.0,0.0,28.0,0.0,35.0
2026-06-01T10:50:50,2.9,40.5,14.4,44.0,6.1,0.0,36.0,0.0,44.0
2026-06-01T10:51:20,0.0,40.4,14.4,44.0,6.1,0.0,31.0,0.0,38.0
2026-06-01T10:51:50,0.0,40.5,14.4,44.0,6.1,0.0,30.0,0.0,37.0
2026-06-01T10:52:21,0.0,40.5,14.4,44.0,6.1,0.0,29.0,0.0,35.0
2026-06-01T10:52:51,1.3,49.4,14.4,44.0,6.1,38.0,39.0,77.0,47.0
2026-06-01T10:53:21,0.6,40.2,14.3,44.0,6.1,0.0,31.0,0.0,38.0
2026-06-01T10:53:51,0.0,40.2,14.3,44.0,6.1,0.0,30.0,0.0,36.0
2026-06-01T10:54:21,0.0,40.2,14.4,44.0,6.1,0.0,29.0,0.0,35.0
2026-06-01T10:54:51,0.0,40.0,14.4,44.0,6.1,0.0,28.0,0.0,34.0
2026-06-01T10:55:21,2.8,39.9,14.4,44.0,6.1,0.0,36.0,0.0,44.0
2026-06-01T10:55:51,0.0,40.0,14.3,44.0,6.1,0.0,31.0,0.0,37.0
2026-06-01T10:56:21,0.0,40.0,14.4,44.0,6.1,0.0,29.0,0.0,36.0
2026-06-01T10:56:51,0.0,40.0,14.4,44.0,6.2,0.0,28.0,0.0,35.0
2026-06-01T10:57:21,2.7,52.2,14.4,44.0,6.2,28.0,40.0,39.0,50.0
2026-06-01T10:57:51,0.0,40.2,14.4,44.0,6.2,0.0,32.0,0.0,38.0
2026-06-01T10:58:21,0.0,40.2,14.4,44.0,6.2,0.0,30.0,0.0,37.0
2026-06-01T10:58:52,0.0,40.2,14.4,44.0,6.2,0.0,29.0,0.0,35.0
2026-06-01T10:59:22,0.0,40.1,14.4,44.0,6.2,0.0,28.0,0.0,35.0
2026-06-01T10:59:52,2.9,40.0,14.4,44.0,6.2,0.0,36.0,0.0,44.0
2026-06-01T11:00:22,0.0,40.2,14.4,44.0,6.2,0.0,31.0,0.0,38.0
2026-06-01T11:00:52,0.0,40.2,14.4,44.0,6.2,0.0,29.0,0.0,36.0
2026-06-01T11:01:22,0.0,40.0,14.4,44.0,6.2,0.0,29.0,0.0,35.0
2026-06-01T11:01:52,2.3,45.1,14.4,44.0,6.2,0.0,36.0,0.0,43.0
2026-06-01T11:02:22,0.0,40.0,14.4,44.0,6.2,0.0,31.0,0.0,38.0
2026-06-01T11:02:52,0.0,40.1,14.3,44.0,6.3,0.0,30.0,0.0,36.0
2026-06-01T11:03:22,0.0,40.1,14.4,44.0,6.3,0.0,29.0,0.0,35.0
2026-06-01T11:03:52,0.6,50.4,14.4,44.0,6.3,48.0,36.0,45.0,47.0
2026-06-01T11:04:22,1.7,40.1,14.4,44.0,6.3,0.0,32.0,0.0,39.0
2026-06-01T11:04:52,0.0,40.2,14.4,44.0,6.3,0.0,30.0,0.0,37.0
2026-06-01T11:05:23,0.0,40.0,14.4,44.0,6.3,0.0,29.0,0.0,35.0
2026-06-01T11:05:53,0.0,40.0,14.4,44.0,6.3,0.0,28.0,0.0,34.0
2026-06-01T11:06:23,2.2,41.9,14.4,44.0,6.3,0.0,35.0,0.0,43.0
2026-06-01T11:06:53,0.0,40.0,14.4,44.0,6.3,0.0,30.0,0.0,37.0
2026-06-01T11:07:23,0.0,40.0,14.4,44.0,6.3,0.0,29.0,0.0,36.0
2026-06-01T11:07:53,0.0,40.0,14.4,44.0,6.3,0.0,28.0,0.0,35.0
2026-06-01T11:08:23,1.7,49.0,14.4,44.0,6.3,52.0,40.0,42.0,49.0
2026-06-01T11:08:53,0.5,40.0,14.4,44.0,6.4,0.0,31.0,0.0,38.0
2026-06-01T11:09:23,0.0,40.0,14.4,44.0,6.4,0.0,30.0,0.0,36.0
2026-06-01T11:09:53,0.0,40.1,14.4,44.0,6.4,0.0,29.0,0.0,35.0
2026-06-01T11:10:23,0.0,39.9,14.4,44.0,6.4,0.0,28.0,0.0,34.0
2026-06-01T11:10:53,2.4,39.8,14.4,44.0,6.4,0.0,35.0,0.0,43.0
2026-06-01T11:11:23,0.0,39.9,14.4,44.0,6.4,0.0,30.0,0.0,37.0
2026-06-01T11:11:54,0.0,40.0,14.4,44.0,6.4,0.0,29.0,0.0,35.0
2026-06-01T11:12:24,0.0,39.9,14.4,44.0,6.4,0.0,28.0,0.0,34.0
2026-06-01T11:12:54,3.2,53.0,14.4,44.0,6.4,41.0,42.0,42.0,51.0
2026-06-01T11:13:24,0.0,39.9,14.4,44.0,6.4,0.0,32.0,0.0,38.0
2026-06-01T11:13:54,0.0,40.1,14.4,44.0,6.4,0.0,30.0,0.0,37.0
2026-06-01T11:14:24,0.0,40.2,14.4,44.0,6.4,0.0,29.0,0.0,35.0
2026-06-01T11:14:54,0.0,40.0,14.4,44.0,6.5,0.0,28.0,0.0,35.0
2026-06-01T11:15:24,3.7,40.0,14.4,44.0,6.5,0.0,37.0,0.0,45.0
2026-06-01T11:15:54,0.0,40.1,14.4,44.0,6.5,0.0,31.0,0.0,38.0
2026-06-01T11:16:24,0.0,40.2,14.3,44.0,6.5,0.0,30.0,0.0,37.0
2026-06-01T11:16:54,0.0,40.2,14.3,44.0,6.5,0.0,29.0,0.0,36.0
2026-06-01T11:17:24,2.5,55.5,14.4,44.0,6.5,54.0,41.0,42.0,51.0
2026-06-01T11:17:54,0.4,40.2,14.4,44.0,6.5,0.0,32.0,0.0,39.0
2026-06-01T11:18:25,0.0,40.4,14.4,44.0,6.5,0.0,30.0,0.0,37.0
2026-06-01T11:18:55,0.0,40.2,14.4,44.0,6.5,0.0,29.0,0.0,36.0
2026-06-01T11:19:25,0.0,40.1,14.4,44.0,6.5,0.0,28.0,0.0,35.0
2026-06-01T11:19:55,2.9,40.1,14.3,44.0,6.5,0.0,36.0,0.0,44.0
2026-06-01T11:20:25,0.0,40.2,14.4,44.0,6.5,0.0,31.0,0.0,38.0
2026-06-01T11:20:55,0.0,40.2,14.3,44.0,6.6,0.0,29.0,0.0,36.0
2026-06-01T11:21:25,0.0,40.0,14.4,44.0,6.6,0.0,29.0,0.0,35.0
2026-06-01T11:21:55,2.3,50.0,14.4,44.0,6.6,0.0,37.0,0.0,45.0
2026-06-01T11:22:25,0.0,40.1,14.4,44.0,6.6,0.0,31.0,0.0,38.0
2026-06-01T11:22:55,0.0,40.1,14.4,44.0,6.6,0.0,30.0,0.0,36.0
2026-06-01T11:23:25,0.0,40.0,14.4,44.0,6.6,0.0,29.0,0.0,35.0
2026-06-01T11:23:55,0.2,50.2,14.3,44.0,6.6,72.0,35.0,0.0,37.0
2026-06-01T11:24:25,2.3,40.0,14.4,44.0,6.6,0.0,33.0,0.0,40.0
2026-06-01T11:24:56,0.0,40.0,14.4,44.0,6.6,0.0,30.0,0.0,37.0
2026-06-01T11:25:26,0.0,40.0,14.4,44.0,6.6,0.0,29.0,0.0,36.0
2026-06-01T11:25:56,0.0,40.1,14.3,44.0,6.6,0.0,28.0,0.0,35.0
2026-06-01T11:26:26,2.8,47.2,14.4,44.0,6.6,0.0,36.0,0.0,44.0
2026-06-01T11:26:56,0.0,40.0,14.4,44.0,6.7,0.0,31.0,0.0,38.0
2026-06-01T11:27:26,0.0,40.0,14.4,44.0,6.7,0.0,30.0,0.0,36.0
2026-06-01T11:27:56,0.1,40.0,14.4,44.0,6.7,0.0,29.0,0.0,35.0
2026-06-01T11:28:26,1.0,58.5,14.5,44.0,6.7,46.0,38.0,40.0,48.0
2026-06-01T11:28:56,2.0,39.8,14.4,44.0,6.7,0.0,33.0,0.0,40.0
2026-06-01T11:29:26,0.0,39.8,14.4,44.0,6.7,0.0,30.0,0.0,37.0
2026-06-01T11:29:56,0.0,40.0,14.4,44.0,6.7,0.0,29.0,0.0,36.0
2026-06-01T11:30:26,0.0,39.9,14.4,44.0,6.7,0.0,28.0,0.0,35.0
2026-06-01T11:30:56,3.3,44.5,14.4,44.0,6.7,0.0,37.0,0.0,45.0
2026-06-01T11:31:27,0.0,40.1,14.4,44.0,6.7,0.0,31.0,0.0,38.0
2026-06-01T11:31:57,0.0,40.1,14.4,44.0,6.7,0.0,30.0,0.0,37.0
2026-06-01T11:32:27,0.0,40.0,14.4,44.0,6.7,0.0,29.0,0.0,35.0
2026-06-01T11:32:57,0.9,49.6,14.4,44.0,6.8,51.0,38.0,39.0,48.0
2026-06-01T11:33:27,1.9,40.1,14.4,44.0,6.8,0.0,33.0,0.0,39.0
2026-06-01T11:33:57,0.0,40.2,14.4,44.0,6.8,0.0,30.0,0.0,37.0
2026-06-01T11:34:27,0.0,40.2,14.4,44.0,6.8,0.0,29.0,0.0,36.0
2026-06-01T11:34:57,0.0,40.1,14.4,44.0,6.8,0.0,28.0,0.0,35.0
2026-06-01T11:35:27,2.9,42.9,14.4,44.0,6.8,0.0,36.0,0.0,44.0
2026-06-01T11:35:57,0.0,40.1,14.4,44.0,6.8,0.0,31.0,0.0,38.0
2026-06-01T11:36:27,0.0,40.4,14.4,44.0,6.8,0.0,30.0,0.0,36.0
2026-06-01T11:36:57,0.0,40.2,14.3,44.0,6.8,0.0,29.0,0.0,35.0
2026-06-01T11:37:27,1.1,55.8,14.5,44.0,6.8,0.0,34.0,0.0,43.0
2026-06-01T11:37:58,1.4,40.0,14.4,44.0,6.8,0.0,32.0,0.0,39.0
2026-06-01T11:38:28,0.4,40.0,14.4,44.0,6.8,0.0,30.0,0.0,37.0
2026-06-01T11:38:58,0.0,40.0,14.4,44.0,6.9,0.0,29.0,0.0,35.0
2026-06-01T11:39:28,0.0,39.8,14.4,44.0,6.9,0.0,28.0,0.0,35.0
2026-06-01T11:39:58,2.8,39.8,14.4,44.0,6.9,0.0,36.0,0.0,44.0
2026-06-01T11:40:28,0.0,39.9,14.4,44.0,6.9,0.0,31.0,0.0,38.0
2026-06-01T11:40:58,0.0,39.9,14.4,44.0,6.9,0.0,29.0,0.0,36.0
2026-06-01T11:41:28,0.0,39.8,14.4,44.0,6.9,0.0,28.0,0.0,35.0
2026-06-01T11:41:58,1.8,49.2,14.4,44.0,6.9,47.0,40.0,45.0,50.0
2026-06-01T11:42:28,1.1,39.9,14.3,44.0,6.9,0.0,32.0,0.0,39.0
2026-06-01T11:42:58,0.0,40.0,14.4,44.0,6.9,0.0,30.0,0.0,37.0
2026-06-01T11:43:28,0.0,40.1,14.4,44.0,6.9,0.0,29.0,0.0,36.0
2026-06-01T11:43:58,0.0,39.9,14.4,44.0,6.9,0.0,28.0,0.0,35.0
2026-06-01T11:44:29,2.7,39.8,14.4,44.0,6.9,0.0,36.0,0.0,44.0
2026-06-01T11:44:59,0.0,39.9,14.4,44.0,7.0,0.0,31.0,0.0,37.0
2026-06-01T11:45:29,0.0,40.0,14.4,44.0,7.0,0.0,29.0,0.0,36.0
2026-06-01T11:45:59,0.0,39.9,14.4,44.0,7.0,0.0,28.0,0.0,35.0
2026-06-01T11:46:29,2.3,51.5,14.4,44.0,7.0,50.0,42.0,42.0,50.0
2026-06-01T11:46:59,0.2,39.8,14.4,44.0,7.0,0.0,32.0,0.0,38.0
2026-06-01T11:47:29,0.0,39.8,14.4,44.0,7.0,0.0,30.0,0.0,36.0
2026-06-01T11:47:59,0.0,39.8,14.4,44.0,7.0,0.0,29.0,0.0,35.0
2026-06-01T11:48:29,0.0,39.8,14.4,44.0,7.0,0.0,28.0,0.0,34.0
2026-06-01T11:48:59,3.0,39.8,14.4,44.0,7.0,0.0,36.0,0.0,44.0
2026-06-01T11:49:29,0.0,39.9,14.4,44.0,7.0,0.0,31.0,0.0,38.0
2026-06-01T11:49:59,0.0,40.0,14.3,44.0,7.0,0.0,29.0,0.0,36.0
2026-06-01T11:50:29,0.0,40.0,14.4,44.0,7.0,0.0,28.0,0.0,35.0
2026-06-01T11:51:00,2.4,49.4,14.4,44.0,7.1,0.0,36.0,0.0,44.0
2026-06-01T11:51:30,0.0,39.8,14.4,44.0,7.1,0.0,31.0,0.0,38.0
2026-06-01T11:52:00,0.0,39.8,14.4,44.0,7.1,0.0,30.0,0.0,36.0
2026-06-01T11:52:30,0.0,39.8,14.4,44.0,7.1,0.0,29.0,0.0,35.0
2026-06-01T11:53:00,0.3,49.4,14.3,44.0,7.1,100.0,38.0,0.0,41.0
2026-06-01T11:53:30,2.3,39.8,14.4,44.0,7.1,0.0,33.0,0.0,40.0
2026-06-01T11:54:00,0.0,39.9,14.4,44.0,7.1,0.0,30.0,0.0,37.0
2026-06-01T11:54:30,0.0,40.0,14.4,44.0,7.1,0.0,29.0,0.0,36.0
2026-06-01T11:55:00,0.0,39.9,14.4,44.0,7.1,0.0,28.0,0.0,35.0
2026-06-01T11:55:30,2.4,43.1,14.4,44.0,7.1,0.0,35.0,0.0,43.0
2026-06-01T11:56:00,0.0,39.9,14.4,44.0,7.1,0.0,31.0,0.0,37.0
2026-06-01T11:56:30,0.0,39.9,14.4,44.0,7.1,0.0,29.0,0.0,36.0
2026-06-01T11:57:00,0.0,39.8,14.4,44.0,7.2,0.0,28.0,0.0,35.0
2026-06-01T11:57:31,1.2,48.4,14.5,44.0,7.2,0.0,34.0,0.0,42.0
2026-06-01T11:58:01,1.9,39.9,14.4,44.0,7.2,0.0,33.0,0.0,39.0
2026-06-01T11:58:31,0.0,39.9,14.4,44.0,7.2,0.0,30.0,0.0,37.0
2026-06-01T11:59:01,0.0,39.9,14.4,44.0,7.2,0.0,29.0,0.0,36.0
2026-06-01T11:59:31,0.0,39.8,14.4,44.0,7.2,0.0,28.0,0.0,35.0
2026-06-01T12:00:01,2.4,39.8,14.4,44.0,7.2,0.0,35.0,0.0,43.0
2026-06-01T12:00:31,0.0,39.9,14.4,44.0,7.2,0.0,31.0,0.0,37.0
2026-06-01T12:01:02,0.0,39.9,14.4,44.0,7.2,0.0,29.0,0.0,36.0
2026-06-01T12:01:32,0.0,39.6,14.4,44.0,7.2,0.0,28.0,0.0,35.0
2026-06-01T12:02:02,1.8,57.8,14.5,44.0,7.2,55.0,39.0,50.0,50.0
2026-06-01T12:02:32,0.5,39.6,14.4,44.0,7.2,0.0,31.0,0.0,38.0
2026-06-01T12:03:02,0.0,39.6,14.4,44.0,7.3,0.0,29.0,0.0,36.0
2026-06-01T12:03:32,0.0,39.6,14.4,44.0,7.3,0.0,28.0,0.0,35.0
2026-06-01T12:04:02,0.0,39.6,14.4,44.0,7.3,0.0,28.0,0.0,34.0
2026-06-01T12:04:32,2.0,39.5,14.4,44.0,7.3,0.0,33.0,0.0,43.0
2026-06-01T12:05:02,0.0,39.6,14.4,44.0,7.3,0.0,30.0,0.0,36.0
2026-06-01T12:05:32,0.0,39.6,14.4,44.0,7.3,0.0,29.0,0.0,35.0
2026-06-01T12:06:02,0.0,39.5,14.4,44.0,7.3,0.0,28.0,0.0,34.0
2026-06-01T12:06:32,2.4,43.9,14.4,44.0,7.3,0.0,35.0,0.0,43.0
2026-06-01T12:07:02,0.0,39.2,14.4,44.0,7.3,0.0,30.0,0.0,37.0
2026-06-01T12:07:33,0.0,39.5,14.4,44.0,7.3,0.0,29.0,0.0,36.0
2026-06-01T12:08:03,0.0,39.5,14.4,44.0,7.3,0.0,28.0,0.0,34.0
2026-06-01T12:08:33,1.0,60.2,14.4,44.0,7.4,52.0,38.0,48.0,47.0
2026-06-01T12:09:03,1.6,39.4,14.4,44.0,7.4,0.0,32.0,0.0,38.0
2026-06-01T12:09:33,0.0,39.6,14.4,44.0,7.4,0.0,30.0,0.0,36.0
2026-06-01T12:10:03,0.0,39.5,14.4,44.0,7.4,0.0,28.0,0.0,35.0
2026-06-01T12:10:33,0.0,39.5,14.4,44.0,7.4,0.0,28.0,0.0,34.0
2026-06-01T12:11:03,2.5,40.2,14.5,44.0,7.4,0.0,35.0,0.0,43.0
2026-06-01T12:11:33,0.0,39.5,14.4,44.0,7.4,0.0,30.0,0.0,37.0
2026-06-01T12:12:03,0.0,39.8,14.4,44.0,7.4,0.0,29.0,0.0,36.0
2026-06-01T12:12:33,0.0,39.5,14.4,44.0,7.4,0.0,28.0,0.0,35.0
2026-06-01T12:13:03,1.6,52.0,14.5,44.0,7.4,16.0,38.0,49.0,51.0
2026-06-01T12:13:33,1.3,39.6,14.4,44.0,7.4,0.0,32.0,0.0,39.0
2026-06-01T12:14:04,0.0,39.8,14.4,44.0,7.4,0.0,30.0,0.0,36.0
2026-06-01T12:14:34,0.0,39.9,14.4,44.0,7.5,0.0,29.0,0.0,35.0
2026-06-01T12:15:04,0.0,39.6,14.4,44.0,7.5,0.0,28.0,0.0,34.0
2026-06-01T12:15:34,2.5,39.5,14.4,44.0,7.5,0.0,35.0,0.0,43.0
2026-06-01T12:16:04,0.0,39.6,14.4,44.0,7.5,0.0,30.0,0.0,37.0
2026-06-01T12:16:34,0.0,39.6,14.4,44.0,7.5,0.0,29.0,0.0,36.0
2026-06-01T12:17:04,0.0,39.5,14.4,44.0,7.5,0.0,28.0,0.0,35.0
2026-06-01T12:17:34,2.3,50.5,14.4,44.0,7.5,52.0,40.0,45.0,50.0
2026-06-01T12:18:04,0.1,39.5,14.3,44.0,7.5,0.0,31.0,0.0,38.0
2026-06-01T12:18:34,0.0,39.5,14.4,44.0,7.5,0.0,29.0,0.0,36.0
2026-06-01T12:19:04,0.0,39.5,14.4,44.0,7.5,0.0,28.0,0.0,35.0
2026-06-01T12:19:34,0.0,39.5,14.4,44.0,7.5,0.0,27.0,0.0,34.0
2026-06-01T12:20:04,3.1,39.5,14.4,44.0,7.5,0.0,36.0,0.0,44.0
2026-06-01T12:20:35,0.0,39.6,14.4,44.0,7.6,0.0,30.0,0.0,37.0
2026-06-01T12:21:05,0.0,39.9,14.4,44.0,7.6,0.0,29.0,0.0,36.0
2026-06-01T12:21:35,0.1,39.8,14.4,44.0,7.6,0.0,28.0,0.0,35.0
2026-06-01T12:22:05,2.4,50.6,14.4,44.0,7.6,0.0,36.0,0.0,44.0
2026-06-01T12:22:35,0.0,39.5,14.3,44.0,7.6,0.0,31.0,0.0,38.0
2026-06-01T12:23:05,0.0,39.6,14.4,44.0,7.6,0.0,29.0,0.0,36.0
2026-06-01T12:23:35,0.0,39.6,14.4,44.0,7.6,0.0,28.0,0.0,35.0
2026-06-01T12:24:05,0.1,48.8,14.4,44.0,7.6,0.0,27.0,0.0,34.0
2026-06-01T12:24:35,2.5,39.5,14.4,44.0,7.6,0.0,35.0,0.0,40.0
2026-06-01T12:25:05,0.0,39.5,14.4,44.0,7.6,0.0,30.0,0.0,36.0
2026-06-01T12:25:35,0.0,39.5,14.4,44.0,7.6,0.0,29.0,0.0,35.0
2026-06-01T12:26:05,0.0,39.5,14.4,44.0,7.6,0.0,28.0,0.0,34.0
2026-06-01T12:26:36,2.3,44.0,14.4,44.0,7.7,0.0,35.0,0.0,43.0
2026-06-01T12:27:06,0.0,39.6,14.4,44.0,7.7,0.0,30.0,0.0,37.0
2026-06-01T12:27:36,0.0,39.6,14.4,44.0,7.7,0.0,29.0,0.0,36.0
2026-06-01T12:28:06,0.0,39.5,14.4,44.0,7.7,0.0,28.0,0.0,34.0
2026-06-01T12:28:36,1.1,50.6,14.5,44.0,7.7,0.0,34.0,0.0,42.0
2026-06-01T12:29:06,1.2,39.6,14.4,44.0,7.7,0.0,31.0,0.0,38.0
2026-06-01T12:29:36,0.0,39.6,14.4,44.0,7.7,0.0,29.0,0.0,36.0
2026-06-01T12:30:06,0.0,39.5,14.4,44.0,7.7,0.0,28.0,0.0,35.0
2026-06-01T12:30:36,0.0,39.2,14.4,44.0,7.7,0.0,27.0,0.0,34.0
2026-06-01T12:31:06,3.0,39.2,14.4,44.0,7.7,0.0,36.0,0.0,43.0
2026-06-01T12:31:36,0.0,39.6,14.4,44.0,7.7,0.0,31.0,0.0,37.0
2026-06-01T12:32:06,0.0,39.6,14.4,44.0,7.7,0.0,29.0,0.0,36.0
2026-06-01T12:32:36,0.0,39.5,14.4,44.0,7.8,0.0,28.0,0.0,35.0
2026-06-01T12:33:07,1.5,48.5,14.5,44.0,7.8,100.0,41.0,0.0,47.0
2026-06-01T12:33:37,1.0,39.6,14.5,44.0,7.8,0.0,31.0,0.0,38.0
2026-06-01T12:34:07,0.0,39.8,14.4,44.0,7.8,0.0,29.0,0.0,36.0
2026-06-01T12:34:37,0.0,39.9,14.4,44.0,7.8,0.0,28.0,0.0,35.0
2026-06-01T12:35:07,0.0,39.4,14.4,44.0,7.8,0.0,27.0,0.0,34.0
2026-06-01T12:35:37,2.1,39.2,14.4,44.0,7.8,0.0,35.0,0.0,43.0
2026-06-01T12:36:07,0.0,39.5,14.4,44.0,7.8,0.0,30.0,0.0,36.0
2026-06-01T12:36:37,0.0,39.6,14.4,44.0,7.8,0.0,28.0,0.0,35.0
2026-06-01T12:37:07,0.0,39.5,14.4,44.0,7.8,0.0,28.0,0.0,34.0
2026-06-01T12:37:37,2.8,51.0,14.4,44.0,7.8,0.0,37.0,0.0,46.0
2026-06-01T12:38:07,0.0,39.5,14.4,44.0,7.8,0.0,31.0,0.0,38.0
2026-06-01T12:38:37,0.0,39.5,14.4,44.0,7.9,0.0,29.0,0.0,36.0
2026-06-01T12:39:07,0.0,39.5,14.4,44.0,7.9,0.0,28.0,0.0,35.0
2026-06-01T12:39:38,0.0,39.4,14.4,44.0,7.9,0.0,27.0,0.0,34.0
2026-06-01T12:40:08,2.9,39.5,14.4,44.0,7.9,0.0,36.0,0.0,44.0
2026-06-01T12:40:38,0.0,39.6,14.4,44.0,7.9,0.0,30.0,0.0,37.0
2026-06-01T12:41:08,0.0,39.8,14.4,44.0,7.9,0.0,29.0,0.0,35.0
2026-06-01T12:41:38,0.0,39.5,14.4,44.0,7.9,0.0,28.0,0.0,34.0
2026-06-01T12:42:08,3.0,54.9,14.4,44.0,7.9,0.0,37.0,0.0,45.0
2026-06-01T12:42:38,0.0,39.8,14.4,44.0,7.9,0.0,31.0,0.0,38.0
2026-06-01T12:43:08,0.0,48.6,14.4,44.0,7.9,0.0,30.0,0.0,36.0
2026-06-01T12:43:38,0.0,39.8,14.4,44.0,7.9,0.0,28.0,0.0,35.0
2026-06-01T12:44:08,0.2,48.6,14.4,44.0,7.9,85.0,32.0,0.0,36.0
2026-06-01T12:44:38,2.3,39.8,14.4,44.0,8.0,0.0,33.0,0.0,40.0
2026-06-01T12:45:08,0.0,39.8,14.4,44.0,8.0,0.0,30.0,0.0,37.0
2026-06-01T12:45:38,0.0,39.8,14.4,44.0,8.0,0.0,29.0,0.0,35.0
2026-06-01T12:46:09,0.0,39.5,14.4,44.0,8.0,0.0,28.0,0.0,34.0
2026-06-01T12:46:39,2.9,44.0,14.4,44.0,8.0,0.0,36.0,0.0,44.0
2026-06-01T12:47:09,0.0,39.8,14.4,44.0,8.0,0.0,31.0,0.0,38.0
2026-06-01T12:47:39,0.0,39.8,14.4,44.0,8.0,0.0,29.0,0.0,36.0
2026-06-01T12:48:09,0.0,39.8,14.4,44.0,8.0,0.0,28.0,0.0,35.0
2026-06-01T12:48:39,0.9,51.0,14.5,44.0,8.0,46.0,37.0,41.0,48.0
2026-06-01T12:49:09,1.5,39.8,14.4,44.0,8.0,0.0,32.0,0.0,39.0
2026-06-01T12:49:39,0.0,39.8,14.4,44.0,8.0,0.0,30.0,0.0,36.0
2026-06-01T12:50:09,0.0,39.8,14.4,44.0,8.0,0.0,28.0,0.0,35.0
2026-06-01T12:50:39,0.0,39.5,14.4,44.0,8.1,0.0,28.0,0.0,34.0
2026-06-01T12:51:09,2.5,39.8,14.4,44.0,8.1,0.0,35.0,0.0,43.0
2026-06-01T12:51:39,0.0,39.5,14.4,44.0,8.1,0.0,30.0,0.0,37.0
2026-06-01T12:52:09,0.0,39.6,14.4,44.0,8.1,0.0,29.0,0.0,35.0
2026-06-01T12:52:40,0.0,39.5,14.4,44.0,8.1,0.0,28.0,0.0,34.0
2026-06-01T12:53:10,0.9,51.1,14.4,44.0,8.1,46.0,37.0,45.0,48.0
2026-06-01T12:53:40,1.6,39.5,14.4,44.0,8.1,0.0,32.0,0.0,38.0
2026-06-01T12:54:10,0.0,39.6,14.4,44.0,8.1,0.0,29.0,0.0,36.0
2026-06-01T12:54:40,0.0,39.6,14.4,44.0,8.1,0.0,28.0,0.0,35.0
2026-06-01T12:55:10,0.0,39.5,14.4,44.0,8.1,0.0,28.0,0.0,34.0
2026-06-01T12:55:40,2.7,39.5,14.4,44.0,8.1,0.0,35.0,0.0,43.0
2026-06-01T12:56:11,0.0,39.5,14.4,44.0,8.1,0.0,30.0,0.0,37.0
2026-06-01T12:56:41,0.0,39.6,14.4,44.0,8.2,0.0,29.0,0.0,35.0
2026-06-01T12:57:11,0.0,39.6,14.4,44.0,8.2,0.0,28.0,0.0,34.0
2026-06-01T12:57:41,1.8,53.1,14.4,44.0,8.2,48.0,40.0,47.0,49.0
2026-06-01T12:58:11,1.1,39.6,14.4,44.0,8.2,0.0,32.0,0.0,38.0
2026-06-01T12:58:41,0.0,39.8,14.4,44.0,8.2,0.0,30.0,0.0,36.0
2026-06-01T12:59:12,0.0,39.8,14.4,44.0,8.2,0.0,28.0,0.0,35.0
2026-06-01T12:59:42,0.0,39.5,14.4,44.0,8.2,0.0,28.0,0.0,34.0
2026-06-01T13:00:12,2.9,39.6,14.4,44.0,8.2,0.0,36.0,0.0,44.0
2026-06-01T13:00:42,0.0,39.9,14.4,44.0,8.2,0.0,30.0,0.0,37.0
2026-06-01T13:01:12,0.0,40.0,14.4,44.0,8.2,0.0,29.0,0.0,36.0
2026-06-01T13:01:42,0.0,39.8,14.4,44.0,8.2,0.0,28.0,0.0,35.0
2026-06-01T13:02:12,2.1,53.4,14.4,44.0,8.2,47.0,41.0,39.0,49.0
2026-06-01T13:02:43,0.8,39.9,14.4,44.0,8.3,0.0,32.0,0.0,38.0
2026-06-01T13:03:13,0.0,39.8,14.4,44.0,8.3,0.0,30.0,0.0,36.0
2026-06-01T13:03:43,0.0,39.8,14.4,44.0,8.3,0.0,28.0,0.0,35.0
2026-06-01T13:04:13,0.0,39.8,14.4,44.0,8.3,0.0,28.0,0.0,34.0
2026-06-01T13:04:43,2.9,39.8,14.4,44.0,8.3,0.0,36.0,0.0,44.0
2026-06-01T13:05:13,0.0,39.8,14.4,44.0,8.3,0.0,30.0,0.0,37.0
2026-06-01T13:05:43,0.0,39.8,14.4,44.0,8.3,0.0,29.0,0.0,36.0
2026-06-01T13:06:13,0.0,39.8,14.5,44.0,8.3,0.0,28.0,0.0,35.0
2026-06-01T13:06:43,2.4,50.2,14.5,44.0,8.3,49.0,40.0,39.0,50.0
2026-06-01T13:07:13,0.8,39.5,14.5,44.0,8.3,0.0,32.0,0.0,39.0
2026-06-01T13:07:44,0.0,39.8,14.4,44.0,8.3,0.0,30.0,0.0,37.0
2026-06-01T13:08:14,0.0,39.8,14.5,44.0,8.3,0.0,29.0,0.0,35.0
2026-06-01T13:08:44,0.0,39.5,14.5,44.0,8.4,0.0,28.0,0.0,34.0
2026-06-01T13:09:14,2.9,39.8,14.4,44.0,8.4,0.0,36.0,0.0,44.0
2026-06-01T13:09:44,0.0,39.8,14.4,44.0,8.4,0.0,30.0,0.0,37.0
2026-06-01T13:10:14,0.0,39.9,14.4,44.0,8.4,0.0,29.0,0.0,36.0
2026-06-01T13:10:44,0.0,39.8,14.5,44.0,8.4,0.0,28.0,0.0,35.0
2026-06-01T13:11:14,2.3,53.0,14.4,44.0,8.4,50.0,41.0,41.0,49.0
2026-06-01T13:11:44,0.6,39.6,14.4,44.0,8.4,0.0,32.0,0.0,39.0
2026-06-01T13:12:14,0.0,39.8,14.4,44.0,8.4,0.0,30.0,0.0,37.0
2026-06-01T13:12:44,0.0,39.8,14.4,44.0,8.4,0.0,29.0,0.0,35.0
2026-06-01T13:13:14,0.0,39.5,14.4,44.0,8.4,0.0,28.0,0.0,34.0
2026-06-01T13:13:44,2.8,39.5,14.4,44.0,8.4,0.0,36.0,0.0,44.0
2026-06-01T13:14:15,0.0,39.6,14.4,44.0,8.4,0.0,30.0,0.0,37.0
2026-06-01T13:14:45,0.0,39.6,14.4,44.0,8.5,0.0,29.0,0.0,36.0
2026-06-01T13:15:15,0.0,39.8,14.4,44.0,8.5,0.0,28.0,0.0,35.0
2026-06-01T13:15:45,2.6,51.9,14.5,44.0,8.5,47.0,42.0,42.0,50.0
2026-06-01T13:16:15,0.1,39.6,14.4,44.0,8.5,0.0,31.0,0.0,38.0
2026-06-01T13:16:45,0.0,39.8,14.4,44.0,8.5,0.0,29.0,0.0,36.0
2026-06-01T13:17:15,0.0,39.6,14.4,44.0,8.5,0.0,28.0,0.0,35.0
2026-06-01T13:17:45,0.0,39.5,14.5,44.0,8.5,0.0,28.0,0.0,34.0
2026-06-01T13:18:15,2.5,39.5,14.4,44.0,8.5,0.0,35.0,0.0,43.0
2026-06-01T13:18:45,0.0,39.6,14.4,44.0,8.5,0.0,30.0,0.0,37.0
2026-06-01T13:19:15,0.0,39.8,14.4,44.0,8.5,0.0,29.0,0.0,35.0
2026-06-01T13:19:45,0.0,39.6,14.4,44.0,8.5,0.0,28.0,0.0,34.0
2026-06-01T13:20:16,3.1,51.0,14.4,44.0,8.5,0.0,37.0,0.0,45.0
2026-06-01T13:20:46,0.0,39.6,14.4,44.0,8.6,0.0,31.0,0.0,38.0
2026-06-01T13:21:16,0.0,39.6,14.4,44.0,8.6,0.0,29.0,0.0,36.0
2026-06-01T13:21:46,0.0,39.8,14.4,44.0,8.6,0.0,28.0,0.0,35.0
2026-06-01T13:22:16,0.1,50.5,14.4,44.0,8.6,0.0,28.0,0.0,34.0
2026-06-01T13:22:46,3.1,39.5,14.4,44.0,8.6,0.0,36.0,0.0,44.0
2026-06-01T13:23:16,0.0,39.6,14.4,44.0,8.6,0.0,30.0,0.0,37.0
2026-06-01T13:23:46,0.0,39.9,14.4,44.0,8.6,0.0,29.0,0.0,36.0
2026-06-01T13:24:17,0.0,39.6,14.4,44.0,8.6,0.0,28.0,0.0,35.0
2026-06-01T13:24:47,2.4,47.9,14.4,44.0,8.6,0.0,35.0,0.0,43.0
2026-06-01T13:25:17,0.0,39.6,14.4,44.0,8.6,0.0,31.0,0.0,37.0
2026-06-01T13:25:47,0.0,39.6,14.4,44.0,8.6,0.0,29.0,0.0,36.0
2026-06-01T13:26:17,0.0,39.5,14.4,44.0,8.6,0.0,28.0,0.0,35.0
2026-06-01T13:26:47,0.5,48.2,14.4,44.0,8.7,25.0,36.0,48.0,47.0
2026-06-01T13:27:17,2.5,39.6,14.4,44.0,8.7,0.0,33.0,0.0,40.0
2026-06-01T13:27:47,0.0,39.6,14.4,44.0,8.7,0.0,30.0,0.0,37.0
2026-06-01T13:28:17,0.0,39.5,14.4,44.0,8.7,0.0,29.0,0.0,35.0
2026-06-01T13:28:47,0.0,39.5,14.4,44.0,8.7,0.0,28.0,0.0,34.0
2026-06-01T13:29:17,2.4,42.4,14.4,44.0,8.7,0.0,35.0,0.0,43.0
2026-06-01T13:29:47,0.0,39.5,14.4,44.0,8.7,0.0,30.0,0.0,37.0
2026-06-01T13:30:17,0.0,39.6,14.4,44.0,8.7,0.0,29.0,0.0,36.0
2026-06-01T13:30:48,0.0,39.4,14.3,44.0,8.7,0.0,28.0,0.0,34.0
2026-06-01T13:31:18,1.1,58.0,14.5,44.0,8.7,0.0,35.0,0.0,43.0
2026-06-01T13:31:48,1.7,39.4,14.4,44.0,8.7,0.0,32.0,0.0,39.0
2026-06-01T13:32:18,0.0,39.5,14.4,44.0,8.7,0.0,30.0,0.0,36.0
2026-06-01T13:32:48,0.0,39.5,14.4,44.0,8.8,0.0,28.0,0.0,35.0
2026-06-01T13:33:18,0.0,39.4,14.4,44.0,8.8,0.0,28.0,0.0,34.0
2026-06-01T13:33:48,2.0,39.2,14.4,44.0,8.8,0.0,34.0,0.0,42.0
2026-06-01T13:34:18,0.0,39.4,14.4,44.0,8.8,0.0,30.0,0.0,36.0
2026-06-01T13:34:48,0.0,39.2,14.4,44.0,8.8,0.0,28.0,0.0,35.0
2026-06-01T13:35:18,0.0,39.0,14.4,44.0,8.8,0.0,28.0,0.0,34.0
2026-06-01T13:35:48,2.1,52.0,14.5,44.0,8.8,45.0,40.0,47.0,49.0
2026-06-01T13:36:18,0.4,39.1,14.4,44.0,8.8,0.0,31.0,0.0,37.0
2026-06-01T13:36:48,0.0,39.1,14.4,44.0,8.8,0.0,29.0,0.0,36.0
2026-06-01T13:37:19,0.0,39.1,14.4,44.0,8.8,0.0,28.0,0.0,35.0
2026-06-01T13:37:49,0.0,39.0,14.4,44.0,8.8,0.0,27.0,0.0,34.0
2026-06-01T13:38:19,3.1,39.0,14.4,44.0,8.8,0.0,36.0,0.0,44.0
2026-06-01T13:38:49,0.0,39.1,14.4,44.0,8.9,0.0,30.0,0.0,37.0
2026-06-01T13:39:19,0.0,39.2,14.4,44.0,8.9,0.0,29.0,0.0,36.0
2026-06-01T13:39:49,0.0,39.2,14.4,44.0,8.9,0.0,28.0,0.0,34.0
2026-06-01T13:40:19,2.6,51.5,14.4,44.0,8.9,46.0,41.0,44.0,50.0
2026-06-01T13:40:49,0.2,39.1,14.4,44.0,8.9,0.0,31.0,0.0,38.0
2026-06-01T13:41:19,0.0,39.4,14.4,44.0,8.9,0.0,29.0,0.0,36.0
2026-06-01T13:41:49,0.0,39.2,14.4,44.0,8.9,0.0,28.0,0.0,35.0
2026-06-01T13:42:19,0.0,39.0,14.4,44.0,8.9,0.0,28.0,0.0,34.0
2026-06-01T13:42:49,2.9,39.2,14.4,44.0,8.9,0.0,36.0,0.0,44.0
2026-06-01T13:43:19,0.0,39.4,14.3,44.0,8.9,0.0,30.0,0.0,37.0
2026-06-01T13:43:50,0.0,39.2,14.4,44.0,8.9,0.0,29.0,0.0,36.0
2026-06-01T13:44:20,0.0,39.1,14.4,44.0,8.9,0.0,28.0,0.0,34.0
2026-06-01T13:44:50,2.8,50.2,14.4,44.0,9.0,0.0,37.0,0.0,45.0
2026-06-01T13:45:20,0.0,39.4,14.4,44.0,9.0,0.0,31.0,0.0,38.0
2026-06-01T13:45:50,0.0,39.4,14.4,44.0,9.0,0.0,29.0,0.0,36.0
2026-06-01T13:46:20,0.0,39.2,14.4,44.0,9.0,0.0,28.0,0.0,35.0
2026-06-01T13:46:50,0.0,39.0,14.4,44.0,9.0,0.0,27.0,0.0,34.0
2026-06-01T13:47:20,3.1,39.2,14.4,44.0,9.0,0.0,36.0,0.0,44.0
2026-06-01T13:47:50,0.0,39.2,14.4,44.0,9.0,0.0,30.0,0.0,37.0
2026-06-01T13:48:20,0.0,39.4,14.4,44.0,9.0,0.0,29.0,0.0,36.0
2026-06-01T13:48:50,0.0,39.2,14.4,44.0,9.0,0.0,28.0,0.0,35.0
2026-06-01T13:49:20,2.1,46.6,14.4,44.0,9.0,0.0,35.0,0.0,43.0
2026-06-01T13:49:50,0.0,39.0,14.4,44.0,9.0,0.0,30.0,0.0,37.0
2026-06-01T13:50:21,0.0,39.1,14.4,44.0,9.0,0.0,29.0,0.0,36.0
2026-06-01T13:50:51,0.0,39.1,14.4,44.0,9.1,0.0,28.0,0.0,35.0
2026-06-01T13:51:21,0.7,48.0,14.4,44.0,9.1,48.0,37.0,42.0,47.0
2026-06-01T13:51:51,2.2,39.0,14.4,44.0,9.1,0.0,33.0,0.0,40.0
2026-06-01T13:52:21,0.0,39.0,14.4,44.0,9.1,0.0,30.0,0.0,37.0
2026-06-01T13:52:51,0.0,39.0,14.4,44.0,9.1,0.0,29.0,0.0,35.0
2026-06-01T13:53:21,0.0,39.0,14.4,44.0,9.1,0.0,28.0,0.0,34.0
2026-06-01T13:53:51,2.8,44.1,14.4,44.0,9.1,0.0,36.0,0.0,44.0
2026-06-01T13:54:21,0.0,39.1,14.4,44.0,9.1,0.0,31.0,0.0,38.0
2026-06-01T13:54:51,0.0,39.1,14.4,44.0,9.1,0.0,29.0,0.0,36.0
2026-06-01T13:55:21,0.0,39.1,14.4,44.0,9.1,0.0,28.0,0.0,35.0
2026-06-01T13:55:52,1.0,57.8,14.4,44.0,9.1,55.0,38.0,42.0,47.0
2026-06-01T13:56:22,1.1,39.1,14.4,44.0,9.1,0.0,31.0,0.0,38.0
2026-06-01T13:56:52,0.0,39.0,14.4,44.0,9.2,0.0,29.0,0.0,36.0
2026-06-01T13:57:22,0.0,39.1,14.4,44.0,9.2,0.0,28.0,0.0,35.0
2026-06-01T13:57:52,0.0,39.0,14.4,44.0,9.2,0.0,27.0,0.0,34.0
2026-06-01T13:58:22,3.1,39.0,14.4,44.0,9.2,0.0,36.0,0.0,43.0
2026-06-01T13:58:52,0.0,39.1,14.5,44.0,9.2,0.0,31.0,0.0,37.0
2026-06-01T13:59:22,0.0,39.1,14.4,44.0,9.2,0.0,29.0,0.0,36.0
2026-06-01T13:59:52,0.0,39.0,14.5,44.0,9.2,0.0,28.0,0.0,35.0
2026-06-01T14:00:22,1.4,48.0,14.5,44.0,9.2,0.0,37.0,94.0,49.0
2026-06-01T14:00:52,1.5,39.1,14.4,44.0,9.2,0.0,32.0,0.0,39.0
2026-06-01T14:01:22,0.0,39.1,14.4,44.0,9.2,0.0,30.0,0.0,36.0
2026-06-01T14:01:52,0.0,39.2,14.4,44.0,9.2,0.0,28.0,0.0,35.0
2026-06-01T14:02:23,0.0,39.0,14.4,44.0,9.2,0.0,28.0,0.0,34.0
2026-06-01T14:02:53,2.6,39.0,14.4,44.0,9.3,0.0,35.0,0.0,43.0
2026-06-01T14:03:23,0.0,39.1,14.4,44.0,9.3,0.0,30.0,0.0,37.0
2026-06-01T14:03:53,0.0,39.2,14.4,44.0,9.3,0.0,29.0,0.0,36.0
2026-06-01T14:04:23,0.0,39.2,14.4,44.0,9.3,0.0,28.0,0.0,35.0
2026-06-01T14:04:53,1.8,50.0,14.4,44.0,9.3,50.0,39.0,39.0,49.0
2026-06-01T14:05:23,1.3,39.0,14.4,44.0,9.3,0.0,32.0,0.0,39.0
2026-06-01T14:05:53,0.0,39.2,14.4,44.0,9.3,0.0,30.0,0.0,37.0
2026-06-01T14:06:23,0.0,39.2,14.4,44.0,9.3,0.0,29.0,0.0,35.0
2026-06-01T14:06:53,0.0,39.0,14.4,44.0,9.3,0.0,28.0,0.0,34.0
2026-06-01T14:07:23,2.8,42.4,14.4,44.0,9.3,0.0,35.0,0.0,44.0
2026-06-01T14:07:53,0.0,39.0,14.4,44.0,9.3,0.0,30.0,0.0,37.0
2026-06-01T14:08:23,0.0,39.1,14.4,44.0,9.3,0.0,29.0,0.0,36.0
2026-06-01T14:08:54,3.4,48.1,14.6,44.0,9.4,100.0,46.0,0.0,47.0
2026-06-01T14:09:24,7.6,58.6,15.4,44.0,9.4,0.0,48.0,100.0,60.0
2026-06-01T14:09:54,8.3,54.4,14.9,44.0,9.4,52.0,55.0,42.0,63.0
2026-06-01T14:10:24,7.4,54.1,15.8,44.0,9.4,0.0,58.0,97.0,68.0
2026-06-01T14:10:54,7.9,58.1,16.6,44.0,9.4,100.0,61.0,0.0,67.0
2026-06-01T14:11:24,3.7,47.0,14.5,44.0,9.4,0.0,52.0,0.0,64.0
2026-06-01T14:11:54,5.1,66.6,15.0,44.0,9.4,100.0,59.0,0.0,67.0
2026-06-01T14:12:24,7.7,67.9,16.0,44.0,9.4,0.0,58.0,82.0,73.0
2026-06-01T14:12:54,8.0,66.6,14.9,44.0,9.4,0.0,58.0,0.0,71.0
2026-06-01T14:13:24,2.8,71.8,14.4,44.0,9.4,52.0,59.0,48.0,74.0
2026-06-01T14:13:54,0.3,51.4,14.4,44.0,9.4,0.0,44.0,0.0,59.0
2026-06-01T14:14:24,0.0,50.8,14.4,44.0,9.4,0.0,39.0,0.0,53.0
2026-06-01T14:14:54,0.0,49.5,14.4,44.0,9.5,0.0,36.0,0.0,49.0
2026-06-01T14:15:24,0.0,48.1,14.4,44.0,9.5,0.0,34.0,0.0,46.0
2026-06-01T14:15:54,2.9,47.2,14.3,44.0,9.5,0.0,42.0,0.0,54.0
2026-06-01T14:16:24,0.0,46.8,14.4,44.0,9.5,0.0,35.0,0.0,46.0
2026-06-01T14:16:55,0.0,45.9,14.3,44.0,9.5,0.0,33.0,0.0,43.0
2026-06-01T14:17:25,0.0,45.1,14.3,44.0,9.5,0.0,32.0,0.0,42.0
2026-06-01T14:17:55,2.9,54.9,14.4,44.0,9.5,0.0,40.0,0.0,50.0
2026-06-01T14:18:25,0.0,44.2,14.3,44.0,9.5,0.0,35.0,0.0,43.0
2026-06-01T14:18:55,0.0,43.8,14.3,44.0,9.5,0.0,32.0,0.0,41.0
2026-06-01T14:19:25,0.0,43.2,14.3,44.0,9.5,0.0,31.0,0.0,39.0
2026-06-01T14:19:55,0.6,60.6,14.4,44.0,9.5,54.0,40.0,48.0,50.0
2026-06-01T14:20:25,1.9,42.5,14.4,44.0,9.5,0.0,35.0,0.0,43.0
2026-06-01T14:20:55,0.0,42.5,14.4,44.0,9.6,0.0,32.0,0.0,40.0
2026-06-01T14:21:25,0.0,42.2,14.4,44.0,9.6,0.0,30.0,0.0,38.0
2026-06-01T14:21:55,0.0,41.8,14.4,44.0,9.6,0.0,30.0,0.0,37.0
2026-06-01T14:22:25,3.1,44.2,14.4,44.0,9.6,0.0,38.0,0.0,46.0
2026-06-01T14:22:55,0.0,41.6,14.4,44.0,9.6,0.0,33.0,0.0,40.0
2026-06-01T14:23:26,0.0,41.5,14.4,44.0,9.6,0.0,31.0,0.0,38.0
2026-06-01T14:23:56,0.0,41.2,14.4,44.0,9.6,0.0,30.0,0.0,37.0
2026-06-01T14:24:26,1.3,55.6,14.4,44.0,9.6,100.0,43.0,3.0,45.0
2026-06-01T14:24:56,1.2,40.9,14.4,44.0,9.6,0.0,33.0,0.0,40.0
2026-06-01T14:25:26,0.0,40.9,14.4,44.0,9.6,0.0,31.0,0.0,38.0
2026-06-01T14:25:56,0.0,40.8,14.4,44.0,9.6,0.0,30.0,0.0,37.0
2026-06-01T14:26:26,0.0,40.5,14.4,44.0,9.6,0.0,29.0,0.0,36.0
2026-06-01T14:26:56,2.9,40.2,14.3,44.0,9.7,0.0,37.0,0.0,45.0
2026-06-01T14:27:26,0.0,40.5,14.4,44.0,9.7,0.0,32.0,0.0,39.0
2026-06-01T14:27:56,0.0,40.5,14.4,44.0,9.7,0.0,30.0,0.0,37.0
2026-06-01T14:28:26,0.0,40.2,14.4,44.0,9.7,0.0,29.0,0.0,36.0
2026-06-01T14:28:56,2.3,52.4,14.4,44.0,9.7,0.0,38.0,0.0,46.0
2026-06-01T14:29:26,0.0,40.1,14.3,44.0,9.7,0.0,32.0,0.0,38.0
2026-06-01T14:29:57,0.0,40.0,14.4,44.0,9.7,0.0,30.0,0.0,37.0
2026-06-01T14:30:27,0.0,40.0,14.4,44.0,9.7,0.0,29.0,0.0,35.0
2026-06-01T14:30:57,0.2,48.9,14.3,44.0,9.7,52.0,28.0,0.0,35.0
2026-06-01T14:31:27,2.7,39.8,14.4,44.0,9.7,0.0,36.0,0.0,42.0
2026-06-01T14:31:57,0.0,39.8,14.3,44.0,9.7,0.0,31.0,0.0,37.0
2026-06-01T14:32:27,6.1,61.5,14.5,44.0,9.7,50.0,49.0,46.0,57.0
2026-06-01T14:32:57,7.1,54.1,14.4,44.0,9.8,47.0,55.0,45.0,63.0
2026-06-01T14:33:27,7.3,57.0,14.5,44.0,9.8,52.0,59.0,44.0,68.0
2026-06-01T14:33:57,7.2,58.5,14.5,44.0,9.8,50.0,61.0,43.0,73.0
2026-06-01T14:34:27,7.3,68.1,14.5,44.0,9.8,47.0,63.0,46.0,76.0
2026-06-01T14:34:57,7.1,66.0,15.1,44.0,9.8,100.0,65.0,0.0,74.0
2026-06-01T14:35:27,7.1,65.0,14.6,44.0,9.8,50.0,64.0,44.0,81.0
2026-06-01T14:35:57,7.2,67.5,14.6,44.0,9.8,50.0,65.0,44.0,83.0
2026-06-01T14:36:27,7.3,67.2,14.6,44.0,9.8,48.0,66.0,42.0,84.0
2026-06-01T14:36:57,7.2,68.5,14.6,44.0,9.8,48.0,66.0,47.0,85.0
2026-06-01T14:37:28,7.1,72.5,14.5,44.0,9.8,100.0,69.0,0.0,81.0
2026-06-01T14:37:58,7.0,72.2,14.5,44.0,9.8,46.0,68.0,44.0,86.0
2026-06-01T14:38:28,7.3,73.0,14.6,44.0,9.8,48.0,67.0,47.0,85.0
2026-06-01T14:38:58,7.2,75.5,14.6,44.0,9.9,48.0,67.0,46.0,86.0
2026-06-01T14:39:28,7.3,71.8,14.7,44.0,9.9,50.0,69.0,46.0,87.0
2026-06-01T14:39:58,7.1,71.8,14.6,44.0,9.9,50.0,68.0,44.0,87.0
2026-06-01T14:40:28,7.3,72.2,14.7,44.0,9.9,51.0,68.0,44.0,85.0
2026-06-01T14:40:58,7.2,72.8,14.6,44.0,9.9,48.0,68.0,40.0,87.0
2026-06-01T14:41:28,7.2,74.5,14.6,44.0,9.9,50.0,69.0,43.0,87.0
2026-06-01T14:41:58,7.2,77.2,14.6,44.0,9.9,50.0,68.0,44.0,86.0
2026-06-01T14:42:28,7.3,80.6,14.6,44.0,9.9,51.0,69.0,50.0,87.0
2026-06-01T14:42:58,7.0,73.6,14.7,44.0,9.9,50.0,69.0,43.0,87.0
2026-06-01T14:43:28,7.1,74.0,14.6,44.0,9.9,50.0,69.0,43.0,87.0
2026-06-01T14:43:58,7.2,76.1,14.6,44.0,9.9,49.0,69.0,47.0,88.0
2026-06-01T14:44:28,7.4,74.4,14.6,44.0,9.9,48.0,68.0,45.0,86.0
2026-06-01T14:44:59,7.1,75.9,14.6,44.0,10.0,50.0,68.0,45.0,87.0
2026-06-01T14:45:29,7.2,81.5,14.6,44.0,10.0,47.0,69.0,46.0,87.0
2026-06-01T14:45:59,7.2,83.8,14.6,44.0,10.0,48.0,70.0,48.0,87.0
2026-06-01T14:46:29,7.2,73.6,14.5,44.0,10.0,47.0,69.0,46.0,88.0
2026-06-01T14:46:59,7.2,79.4,14.5,44.0,10.0,47.0,69.0,44.0,86.0
2026-06-01T14:47:29,7.2,80.1,14.6,44.0,10.0,0.0,68.0,100.0,88.0
2026-06-01T14:47:59,6.8,75.6,15.0,44.0,10.0,87.0,67.0,0.0,82.0
2026-06-01T14:48:29,5.4,62.9,14.7,44.0,10.0,0.0,60.0,0.0,80.0
2026-06-01T14:48:59,0.0,61.2,14.7,44.0,10.0,0.0,49.0,0.0,66.0
2026-06-01T14:49:29,0.4,69.8,14.7,44.0,10.0,100.0,55.0,0.0,66.0
2026-06-01T14:49:59,2.5,56.5,14.6,44.0,10.0,0.0,47.0,0.0,62.0
2026-06-01T14:50:30,0.0,55.2,14.7,44.0,10.0,0.0,41.0,0.0,55.0
2026-06-01T14:51:00,0.0,53.8,14.7,44.0,10.1,0.0,38.0,0.0,52.0
2026-06-01T14:51:30,0.0,52.0,14.7,44.0,10.1,0.0,36.0,0.0,48.0
2026-06-01T14:52:00,2.8,55.2,14.6,44.0,10.1,0.0,44.0,0.0,56.0
2026-06-01T14:52:30,0.0,50.0,14.7,44.0,10.1,0.0,38.0,0.0,49.0
2026-06-01T14:53:00,0.0,49.2,14.6,44.0,10.1,0.0,35.0,0.0,46.0
2026-06-01T14:53:30,0.0,48.2,14.7,44.0,10.1,0.0,34.0,0.0,43.0
2026-06-01T14:54:00,1.1,60.9,14.7,44.0,10.1,0.0,40.0,0.0,50.0
2026-06-01T14:54:30,1.8,46.6,14.6,44.0,10.1,0.0,38.0,0.0,47.0
2026-06-01T14:55:00,0.0,46.4,14.6,44.0,10.1,0.0,35.0,0.0,43.0
2026-06-01T14:55:30,0.0,45.5,14.6,44.0,10.1,0.0,33.0,0.0,41.0
2026-06-01T14:56:00,0.0,45.0,14.6,44.0,10.1,0.0,32.0,0.0,40.0
2026-06-01T14:56:31,2.4,44.6,14.6,44.0,10.1,0.0,39.0,0.0,48.0
2026-06-01T14:57:01,0.1,44.6,14.6,44.0,10.2,0.0,34.0,0.0,41.0
2026-06-01T14:57:31,0.0,44.0,14.6,44.0,10.2,0.0,32.0,0.0,40.0
2026-06-01T14:58:01,0.0,43.5,14.6,44.0,10.2,0.0,31.0,0.0,38.0
2026-06-01T14:58:31,2.4,55.9,14.7,44.0,10.2,15.0,42.0,14.0,51.0
2026-06-01T14:59:01,0.0,43.0,14.7,44.0,10.2,0.0,34.0,0.0,41.0
2026-06-01T14:59:31,0.0,43.0,14.6,44.0,10.2,0.0,32.0,0.0,39.0
2026-06-01T15:00:01,0.0,42.5,14.7,44.0,10.2,0.0,30.0,0.0,37.0
2026-06-01T15:00:32,0.1,52.2,14.7,44.0,10.2,0.0,30.0,0.0,36.0
2026-06-01T15:01:02,2.7,41.9,14.7,44.0,10.2,0.0,35.0,0.0,46.0
2026-06-01T15:01:32,0.0,41.8,14.7,44.0,10.2,0.0,32.0,0.0,39.0
2026-06-01T15:02:02,0.0,41.8,14.6,44.0,10.2,0.0,31.0,0.0,38.0
2026-06-01T15:02:32,0.0,41.5,14.6,44.0,10.2,0.0,30.0,0.0,36.0
2026-06-01T15:03:02,2.7,50.6,14.6,44.0,10.3,0.0,37.0,0.0,45.0
2026-06-01T15:03:32,0.0,41.4,14.6,44.0,10.3,0.0,32.0,0.0,39.0
2026-06-01T15:04:02,0.0,41.2,14.6,44.0,10.3,0.0,31.0,0.0,38.0
2026-06-01T15:04:32,0.0,41.0,14.6,44.0,10.3,0.0,30.0,0.0,36.0
2026-06-01T15:05:02,1.1,50.8,14.7,44.0,10.3,0.0,36.0,0.0,45.0
2026-06-01T15:05:32,1.7,41.1,14.6,44.0,10.3,0.0,33.0,0.0,41.0
2026-06-01T15:06:02,0.0,41.0,14.6,44.0,10.3,0.0,31.0,0.0,38.0
2026-06-01T15:06:32,0.0,41.0,14.6,44.0,10.3,0.0,30.0,0.0,36.0
2026-06-01T15:07:03,0.0,40.8,14.6,44.0,10.3,0.0,29.0,0.0,35.0
